Alieu, Alieu@exemplo.com
Marlon, Marlon@hotmail.com
Chaitanya, Chaitanya@dominio.com
Jakub, Jakub@dominio.com
Hamad, Hamad@exemplo.com
Kade, Kade@webmail.com
Bharath, Bharath@email.com
Olurotimi, Olurotimi@exemplo.com
Fionn, Fionn@correio.org
Howie, Howie@webmail.com
Trafford, Trafford@mail.net
Riyaj, Riyaj@webmail.com
Teos, Teos@hotmail.com
Dennis, Dennis@correio.org
Ericlee, Ericlee@mail.net
Jensyn, Jensyn@gmail.com
AJ, AJ@webmail.com
Eamon, Eamon@correio.org
Siddhant, Siddhant@outlook.com
Lancelot, Lancelot@dominio.com
Azzam, Azzam@hotmail.com
Sahaib, Sahaib@webmail.com
Clement, Clement@hotmail.com
Rafal, Rafal@exemplo.com
Brynmor, Brynmor@correio.org
Kyde, Kyde@yahoo.com
Ajay, Ajay@outlook.com
Johnson, Johnson@gmail.com
Leydon, Leydon@exemplo.com
Bjorn, Bjorn@gmail.com
Samir, Samir@email.com
Fawaz, Fawaz@yahoo.com
Dailey, Dailey@yahoo.com
Rafferty, Rafferty@webmail.com
Kelum, Kelum@dominio.com
Fabian, Fabian@outlook.com
AJ, AJ@outlook.com
Willum, Willum@dominio.com
Rudi, Rudi@hotmail.com
Padraig, Padraig@dominio.com
Irvin, Irvin@correio.org
Christie, Christie@hotmail.com
Jeronimo, Jeronimo@mail.net
Mackie, Mackie@webmail.com
Mahan, Mahan@outlook.com
Shawnpaul, Shawnpaul@exemplo.com
Raees, Raees@correio.org
Keane, Keane@webmail.com
Kaidyn, Kaidyn@correio.org
Grzegorz, Grzegorz@webmail.com
Sean-Paul, Sean-Paul@yahoo.com
Garren, Garren@correio.org
Milos, Milos@webmail.com
Callyn, Callyn@yahoo.com
Keison, Keison@dominio.com
Khaleel, Khaleel@yahoo.com
Keo, Keo@mail.net
Zhi, Zhi@hotmail.com
Kyron, Kyron@yahoo.com
Eoghain, Eoghain@exemplo.com
Eng, Eng@outlook.com
Karamvir, Karamvir@outlook.com
Ty, Ty@correio.org
Ken, Ken@email.com
Anish, Anish@mail.net
Kerr, Kerr@mail.net
Rhyan, Rhyan@yahoo.com
Uilleam, Uilleam@exemplo.com
Keavan, Keavan@outlook.com
Ayub, Ayub@dominio.com
Avani, Avani@correio.org
Charley, Charley@exemplo.com
Savin, Savin@hotmail.com
Bogdan, Bogdan@yahoo.com
Israel, Israel@mail.net
Havila, Havila@email.com
Qirui, Qirui@correio.org
Ethan, Ethan@dominio.com
Myles, Myles@outlook.com
Colton, Colton@exemplo.com
Julien, Julien@email.com
Mickey, Mickey@webmail.com
Ioannis, Ioannis@webmail.com
Khevien, Khevien@correio.org
Jeyun, Jeyun@email.com
Tibet, Tibet@correio.org
Nicholas, Nicholas@hotmail.com
Butchi, Butchi@webmail.com
Toby, Toby@correio.org
Kinnon, Kinnon@yahoo.com
Eren, Eren@gmail.com
Colum, Colum@yahoo.com
Harrison, Harrison@dominio.com
Deegan, Deegan@hotmail.com
Uchenna, Uchenna@outlook.com
Ally, Ally@email.com
Thierry, Thierry@correio.org
Iman, Iman@dominio.com
Callahan, Callahan@exemplo.com
Pele, Pele@webmail.com
Zak, Zak@mail.net
Aronas, Aronas@mail.net
Loukas, Loukas@correio.org
Scott, Scott@correio.org
Umair, Umair@mail.net
Israel, Israel@yahoo.com
Howie, Howie@exemplo.com
Kelan, Kelan@mail.net
Rahim, Rahim@outlook.com
Taliesin, Taliesin@email.com
Aydin, Aydin@gmail.com
Jesse, Jesse@email.com
Carlos, Carlos@hotmail.com
Jace, Jace@dominio.com
Latif, Latif@email.com
Anees, Anees@exemplo.com
Colt, Colt@webmail.com
Kadin, Kadin@exemplo.com
Kiyonari, Kiyonari@webmail.com
Gary, Gary@webmail.com
Ireoluwa, Ireoluwa@webmail.com
Lasse, Lasse@mail.net
Zakariya, Zakariya@yahoo.com
Darrell, Darrell@hotmail.com
Lenin, Lenin@dominio.com
Alexx, Alexx@gmail.com
Hassan, Hassan@yahoo.com
Bilal, Bilal@mail.net
Ozzy, Ozzy@mail.net
Davis, Davis@mail.net
Kayam, Kayam@yahoo.com
Anton, Anton@hotmail.com
Denver, Denver@dominio.com
Ainslie, Ainslie@webmail.com
Abel, Abel@dominio.com
Burak, Burak@email.com
Etienne, Etienne@mail.net
Taegen, Taegen@exemplo.com
Hristomir, Hristomir@email.com
Tyree, Tyree@email.com
Raphael, Raphael@email.com
Gregory, Gregory@correio.org
Tiernan, Tiernan@hotmail.com
Olie, Olie@exemplo.com
Nevan, Nevan@hotmail.com
Bevin, Bevin@dominio.com
Taylar, Taylar@exemplo.com
Marios, Marios@yahoo.com
Taegen, Taegen@gmail.com
Samual, Samual@webmail.com
Abubakar, Abubakar@mail.net
Mir, Mir@gmail.com
Domhnall, Domhnall@mail.net
Millar, Millar@email.com
Shane, Shane@outlook.com
Phoenix, Phoenix@dominio.com
Nicki, Nicki@outlook.com
Ziya, Ziya@mail.net
Sorley, Sorley@exemplo.com
Modu, Modu@yahoo.com
Mir, Mir@yahoo.com
Geomer, Geomer@gmail.com
Jesuseun, Jesuseun@hotmail.com
Davis, Davis@gmail.com
Fawaz, Fawaz@exemplo.com
Samir, Samir@webmail.com
Matthew-William, Matthew-William@mail.net
Derrin, Derrin@mail.net
Kaidan, Kaidan@mail.net
Fionn, Fionn@yahoo.com
Maneet, Maneet@gmail.com
Dailey, Dailey@mail.net
Aon, Aon@hotmail.com
Enzo, Enzo@hotmail.com
Alfee, Alfee@dominio.com
Adam-James, Adam-James@email.com
Saul, Saul@correio.org
Sonny, Sonny@dominio.com
Ilyas, Ilyas@hotmail.com
Andrei, Andrei@dominio.com
James, James@outlook.com
Milos, Milos@dominio.com
Chevy, Chevy@yahoo.com
Jonathan, Jonathan@dominio.com
Abdur-Rehmaan, Abdur-Rehmaan@exemplo.com
Madaki, Madaki@gmail.com
Mack, Mack@hotmail.com
Kristofer, Kristofer@yahoo.com
Khaleel, Khaleel@gmail.com
Reo, Reo@hotmail.com
Hugh, Hugh@webmail.com
Brooke, Brooke@yahoo.com
Ehsen, Ehsen@gmail.com
Jesse, Jesse@hotmail.com
Ceiran, Ceiran@hotmail.com
Kaylem, Kaylem@mail.net
Christy, Christy@yahoo.com
Eimantas, Eimantas@mail.net
Blaine, Blaine@outlook.com
Oban, Oban@hotmail.com
Reid, Reid@correio.org
Geoff, Geoff@email.com
Brunon, Brunon@mail.net
Roman, Roman@email.com
Kalin, Kalin@correio.org
Zakir, Zakir@email.com
Jaydn, Jaydn@email.com
Logan, Logan@outlook.com
Forrest, Forrest@mail.net
Hagun, Hagun@hotmail.com
Jameel, Jameel@dominio.com
Riyaj, Riyaj@yahoo.com
Bhaaldeen, Bhaaldeen@mail.net
Ciar, Ciar@correio.org
Oswald, Oswald@yahoo.com
Charley, Charley@correio.org
Cailaen, Cailaen@gmail.com
Daegyu, Daegyu@dominio.com
Adam, Adam@outlook.com
Bekim, Bekim@mail.net
Siddhant, Siddhant@email.com
Darrie, Darrie@gmail.com
Mungo, Mungo@yahoo.com
Rihonn, Rihonn@correio.org
Connar, Connar@mail.net
Sonneey, Sonneey@gmail.com
Maximillian, Maximillian@correio.org
Nickhill, Nickhill@outlook.com
Ridley, Ridley@hotmail.com
Juan, Juan@exemplo.com
Derren, Derren@yahoo.com
Ceejay, Ceejay@email.com
Ruairi, Ruairi@outlook.com
Aaryan, Aaryan@email.com
Bobby-Lee, Bobby-Lee@correio.org
Alfie, Alfie@yahoo.com
Liyonela-Elam, Liyonela-Elam@exemplo.com
Tomson, Tomson@yahoo.com
Charly, Charly@correio.org
Nuada, Nuada@correio.org
Chang-Ha, Chang-Ha@gmail.com
Cian, Cian@webmail.com
Cooper, Cooper@hotmail.com
Lock, Lock@email.com
Kalen, Kalen@dominio.com
Selasi, Selasi@correio.org
Mustafa, Mustafa@correio.org
Jay-Jay, Jay-Jay@hotmail.com
Andrei, Andrei@mail.net
Eryk, Eryk@gmail.com
Nuada, Nuada@mail.net
Derren, Derren@exemplo.com
Monty, Monty@correio.org
Sylvain, Sylvain@mail.net
Rhuairidh, Rhuairidh@exemplo.com
Kelvan, Kelvan@yahoo.com
Zuriel, Zuriel@dominio.com
Leo, Leo@gmail.com
Calley, Calley@dominio.com
Izaak, Izaak@dominio.com
Kelan, Kelan@email.com
Brendon, Brendon@email.com
Ayaan, Ayaan@correio.org
Ishwar, Ishwar@dominio.com
Arann, Arann@email.com
Connan, Connan@gmail.com
Scot, Scot@outlook.com
Joynul, Joynul@email.com
Daragh, Daragh@hotmail.com
Nikodem, Nikodem@dominio.com
Alexx, Alexx@webmail.com
Antony, Antony@exemplo.com
Rayan, Rayan@gmail.com
Denis, Denis@correio.org
Todd, Todd@exemplo.com
Garrett, Garrett@gmail.com
Devlin, Devlin@gmail.com
Aon, Aon@gmail.com
Sidney, Sidney@mail.net
Chevy, Chevy@correio.org
Keigan, Keigan@hotmail.com
Calan, Calan@yahoo.com
Manus, Manus@mail.net
Mohamed, Mohamed@dominio.com
Scott, Scott@hotmail.com
Calean, Calean@yahoo.com
Zenith, Zenith@outlook.com
Kane, Kane@yahoo.com
Declain, Declain@exemplo.com
Gallagher, Gallagher@correio.org
Keivlin, Keivlin@outlook.com
Blazej, Blazej@hotmail.com
Murry, Murry@mail.net
Reece, Reece@exemplo.com
Ramone, Ramone@correio.org
Ahoua, Ahoua@hotmail.com
Brendon, Brendon@mail.net
Aedyn, Aedyn@outlook.com
Arran, Arran@yahoo.com
Ireayomide, Ireayomide@exemplo.com
Isher, Isher@mail.net
Ceiran, Ceiran@webmail.com
Girijan, Girijan@correio.org
Macsen, Macsen@exemplo.com
Basile, Basile@exemplo.com
Jeffrey, Jeffrey@webmail.com
Hirvaansh, Hirvaansh@outlook.com
Aryian, Aryian@webmail.com
Hassan, Hassan@mail.net
Reis, Reis@correio.org
Elijah, Elijah@dominio.com
Roman, Roman@dominio.com
Saman, Saman@gmail.com
Ireayomide, Ireayomide@correio.org
Santiago, Santiago@mail.net
Latif, Latif@outlook.com
Jordy, Jordy@mail.net
Monty, Monty@gmail.com
Boedyn, Boedyn@outlook.com
Pascoe, Pascoe@hotmail.com
Heidar, Heidar@exemplo.com
Pawlo, Pawlo@dominio.com
Kyrillos, Kyrillos@gmail.com
Oluwadamilare, Oluwadamilare@outlook.com
Suilven, Suilven@dominio.com
Eljon, Eljon@yahoo.com
Ali, Ali@outlook.com
Kallin, Kallin@hotmail.com
Aliyaan, Aliyaan@hotmail.com
Bryden, Bryden@gmail.com
Abdul-Rehman, Abdul-Rehman@mail.net
Mantej, Mantej@correio.org
Koden, Koden@webmail.com
Owyn, Owyn@gmail.com
Harper, Harper@webmail.com
Roger, Roger@correio.org
Abdulkarem, Abdulkarem@dominio.com
Grant, Grant@mail.net
Colin, Colin@webmail.com
Thomson, Thomson@gmail.com
Phoevos, Phoevos@webmail.com
Aryan, Aryan@webmail.com
Sudais, Sudais@correio.org
Rehaan, Rehaan@webmail.com
Rylay, Rylay@yahoo.com
Wei, Wei@mail.net
Kelvin, Kelvin@yahoo.com
Ryszard, Ryszard@exemplo.com
Ralph, Ralph@hotmail.com
Rylan, Rylan@exemplo.com
Umair, Umair@outlook.com
Lauchlin, Lauchlin@mail.net
Corbin, Corbin@hotmail.com
Braydyn, Braydyn@gmail.com
Taiwo, Taiwo@yahoo.com
Idrees, Idrees@mail.net
Babur, Babur@gmail.com
Andrejs, Andrejs@exemplo.com
Saul, Saul@mail.net
Abdulbasir, Abdulbasir@hotmail.com
Habeeb, Habeeb@outlook.com
Sweyn, Sweyn@hotmail.com
Makensie, Makensie@webmail.com
Tane, Tane@hotmail.com
Urban, Urban@correio.org
Jaheim, Jaheim@webmail.com
Keegan, Keegan@dominio.com
Izaak, Izaak@hotmail.com
Cory, Cory@yahoo.com
Aldred, Aldred@exemplo.com
Feden, Feden@hotmail.com
Noel, Noel@webmail.com
Matteo, Matteo@gmail.com
Bailie, Bailie@mail.net
Joeddy, Joeddy@outlook.com
Alistar, Alistar@email.com
Craig-James, Craig-James@webmail.com
Dougray, Dougray@dominio.com
Fiachra, Fiachra@dominio.com
Abdur-Rahman, Abdur-Rahman@gmail.com
Tomas, Tomas@email.com
Talon, Talon@exemplo.com
Bradyn, Bradyn@hotmail.com
Esteban, Esteban@email.com
Zaki, Zaki@hotmail.com
Reace, Reace@exemplo.com
Olie, Olie@outlook.com
Jaida, Jaida@webmail.com
Kaid, Kaid@mail.net
Colin, Colin@gmail.com
Tayye, Tayye@yahoo.com
Pacey, Pacey@outlook.com
Ronald, Ronald@dominio.com
Mohd, Mohd@dominio.com
Joshiah, Joshiah@correio.org
Benjamyn, Benjamyn@email.com
Ollie, Ollie@yahoo.com
Fox, Fox@mail.net
Rhys-Bernard, Rhys-Bernard@email.com
Loui, Loui@correio.org
Richard, Richard@dominio.com
Saman, Saman@exemplo.com
Tiree, Tiree@yahoo.com
Jesse, Jesse@mail.net
Conlyn, Conlyn@yahoo.com
Russel, Russel@correio.org
Martyn, Martyn@outlook.com
Joe, Joe@mail.net
Olivier, Olivier@webmail.com
Kaydin, Kaydin@webmail.com
Momin, Momin@email.com
Ole, Ole@exemplo.com
Jadyn, Jadyn@mail.net
Zakir, Zakir@correio.org
Bradley, Bradley@gmail.com
Emile, Emile@yahoo.com
Geordan, Geordan@email.com
Promise, Promise@yahoo.com
Cohen, Cohen@gmail.com
Josiah, Josiah@exemplo.com
Marios, Marios@exemplo.com
Adnan, Adnan@hotmail.com
Clayton, Clayton@mail.net
Keenan, Keenan@hotmail.com
Caileb-John, Caileb-John@mail.net
Kealon, Kealon@mail.net
Tyler-Jay, Tyler-Jay@exemplo.com
Jincheng, Jincheng@hotmail.com
Cinar, Cinar@correio.org
Guthrie, Guthrie@yahoo.com
Zarran, Zarran@webmail.com
George, George@gmail.com
Avinash, Avinash@webmail.com
Caedan, Caedan@gmail.com
Ieuan, Ieuan@correio.org
Tiylar, Tiylar@outlook.com
Caleb, Caleb@gmail.com
Leven, Leven@outlook.com
Judah, Judah@yahoo.com
Samuel, Samuel@outlook.com
Colm, Colm@yahoo.com
Kylan, Kylan@gmail.com
Kenzi, Kenzi@dominio.com
Isa, Isa@exemplo.com
Curtis, Curtis@yahoo.com
Asim, Asim@exemplo.com
Amin, Amin@hotmail.com
Corrie, Corrie@mail.net
Luqman, Luqman@yahoo.com
Dougal, Dougal@webmail.com
Wai, Wai@exemplo.com
Derick, Derick@hotmail.com
Kalvyn, Kalvyn@mail.net
Bobby-Lee, Bobby-Lee@webmail.com
Sidharth, Sidharth@correio.org
Ashlee-jay, Ashlee-jay@gmail.com
Gary, Gary@mail.net
Wyatt, Wyatt@mail.net
Ahoua, Ahoua@dominio.com
Taonga, Taonga@outlook.com
Garry, Garry@mail.net
Fynlay, Fynlay@dominio.com
Stewarty, Stewarty@dominio.com
Jesse, Jesse@webmail.com
Kaiwen, Kaiwen@dominio.com
Lee, Lee@exemplo.com
Eoghan, Eoghan@dominio.com
Waqaas, Waqaas@exemplo.com
Szymon, Szymon@correio.org
Stanley, Stanley@gmail.com
Adie, Adie@webmail.com
Xabier, Xabier@hotmail.com
Muzammil, Muzammil@gmail.com
Nayan, Nayan@dominio.com
Caedyn, Caedyn@yahoo.com
Cailean, Cailean@correio.org
John-Paul, John-Paul@exemplo.com
Dre, Dre@webmail.com
Tarik, Tarik@hotmail.com
Siddharth, Siddharth@mail.net
Ubaid, Ubaid@mail.net
Ziyaan, Ziyaan@hotmail.com
Bodhan, Bodhan@webmail.com
Joris, Joris@hotmail.com
Orson, Orson@hotmail.com
Colin, Colin@exemplo.com
Rupert, Rupert@exemplo.com
Awwal, Awwal@correio.org
Harleigh, Harleigh@mail.net
Thomas-Jay, Thomas-Jay@email.com
Jules, Jules@email.com
Casey, Casey@yahoo.com
Jazeb, Jazeb@correio.org
Zeph, Zeph@mail.net
Levon, Levon@email.com
Rudy, Rudy@yahoo.com
Nathan, Nathan@email.com
Ronin, Ronin@hotmail.com
Denver, Denver@gmail.com
Valentin, Valentin@email.com
Chiqal, Chiqal@correio.org
Felix, Felix@correio.org
Ayden, Ayden@dominio.com
TJ, TJ@outlook.com
Casper, Casper@outlook.com
Cairn, Cairn@exemplo.com
Sharland, Sharland@hotmail.com
Pietro, Pietro@email.com
Creag, Creag@yahoo.com
Rupert, Rupert@mail.net
Valen, Valen@correio.org
Ciarian, Ciarian@outlook.com
Keison, Keison@correio.org
Cian, Cian@email.com
Wayne, Wayne@hotmail.com
Tibet, Tibet@hotmail.com
Bowie, Bowie@correio.org
Kye, Kye@correio.org
Oluwatoni, Oluwatoni@email.com
Aiman, Aiman@correio.org
Flint, Flint@webmail.com
Johnson, Johnson@correio.org
Jayke, Jayke@email.com
Austen, Austen@mail.net
Harman, Harman@dominio.com
Dex, Dex@mail.net
Cahlum, Cahlum@email.com
Derrie, Derrie@gmail.com
Reagan, Reagan@outlook.com
Kriss, Kriss@correio.org
Joojo, Joojo@mail.net
Soul, Soul@dominio.com
Edwin, Edwin@correio.org
Camron, Camron@mail.net
Finley, Finley@yahoo.com
Cahlum, Cahlum@exemplo.com
Lasse, Lasse@gmail.com
Wylie, Wylie@mail.net
Zac, Zac@outlook.com
Brajan, Brajan@gmail.com
Timothy, Timothy@mail.net
Yaseen, Yaseen@correio.org
Etinosa, Etinosa@email.com
Rexford, Rexford@mail.net
Kacey, Kacey@gmail.com
Padraig, Padraig@correio.org
Aleksander, Aleksander@correio.org
Taddy, Taddy@correio.org
Jerry, Jerry@yahoo.com
Cristian, Cristian@exemplo.com
Hansen, Hansen@hotmail.com
Muzzammil, Muzzammil@gmail.com
Sameer, Sameer@hotmail.com
Rihonn, Rihonn@dominio.com
Oilibhear, Oilibhear@hotmail.com
Otto, Otto@outlook.com
Aarman, Aarman@mail.net
Maksim, Maksim@yahoo.com
Jay-Jay, Jay-Jay@webmail.com
Andy, Andy@yahoo.com
Manus, Manus@correio.org
Gian, Gian@email.com
Riyadh, Riyadh@dominio.com
Anthony, Anthony@correio.org
Manus, Manus@outlook.com
Sheafan, Sheafan@yahoo.com
Campbel, Campbel@email.com
Jia, Jia@webmail.com
Glen, Glen@mail.net
Dex, Dex@gmail.com
Aydan, Aydan@mail.net
Aryankhan, Aryankhan@outlook.com
Adrien, Adrien@mail.net
Corrie, Corrie@webmail.com
Kai, Kai@dominio.com
Caethan, Caethan@correio.org
Oskar, Oskar@hotmail.com
Abdalroof, Abdalroof@exemplo.com
Abaan, Abaan@gmail.com
Andrew, Andrew@exemplo.com
Domenico, Domenico@webmail.com
Andy, Andy@mail.net
Narvic, Narvic@gmail.com
Amro, Amro@dominio.com
Aziz, Aziz@correio.org
Ace, Ace@dominio.com
Dylin, Dylin@yahoo.com
Amolpreet, Amolpreet@webmail.com
Brandan, Brandan@hotmail.com
Wylie, Wylie@email.com
Rossi, Rossi@yahoo.com
Alum, Alum@hotmail.com
Forbes, Forbes@outlook.com
Pawlo, Pawlo@hotmail.com
Arturo, Arturo@yahoo.com
Dylan-James, Dylan-James@mail.net
Maximus, Maximus@webmail.com
Terry, Terry@email.com
Graham, Graham@email.com
Laison, Laison@mail.net
Mikolaj, Mikolaj@yahoo.com
Kalum, Kalum@outlook.com
Peni, Peni@yahoo.com
Kyren, Kyren@dominio.com
Cathal, Cathal@exemplo.com
Arjuna, Arjuna@correio.org
Jaskaran, Jaskaran@yahoo.com
Lucus, Lucus@correio.org
Bertie, Bertie@correio.org
Stephenjunior, Stephenjunior@hotmail.com
Hussnan, Hussnan@exemplo.com
Seth, Seth@webmail.com
Jaidyn, Jaidyn@dominio.com
Akram, Akram@yahoo.com
Ewan, Ewan@gmail.com
Lasse, Lasse@dominio.com
Fezaan, Fezaan@outlook.com
Kiya, Kiya@email.com
Jules, Jules@exemplo.com
Braydon, Braydon@dominio.com
Tadd, Tadd@webmail.com
Khalan, Khalan@exemplo.com
Sanfur, Sanfur@gmail.com
Odhran, Odhran@exemplo.com
Domhnall, Domhnall@hotmail.com
Lorenz, Lorenz@yahoo.com
Chevy, Chevy@webmail.com
Lauren, Lauren@gmail.com
Rorie, Rorie@webmail.com
Malikye, Malikye@gmail.com
William-John, William-John@outlook.com
Yadgor, Yadgor@gmail.com
Korbyn, Korbyn@correio.org
Strachan, Strachan@webmail.com
Eljay, Eljay@correio.org
Keir, Keir@correio.org
Mobeen, Mobeen@webmail.com
Roshan, Roshan@yahoo.com
Shergo, Shergo@mail.net
Odynn, Odynn@outlook.com
Exodi, Exodi@gmail.com
Zeek, Zeek@mail.net
Kadyn, Kadyn@gmail.com
Gavin-Lee, Gavin-Lee@email.com
Ziyaan, Ziyaan@webmail.com
Jackie, Jackie@hotmail.com
Cailaen, Cailaen@outlook.com
Zack, Zack@email.com
Ciar, Ciar@mail.net
Tyler, Tyler@dominio.com
Tayyib, Tayyib@email.com
Malo, Malo@webmail.com
Oluwatobiloba, Oluwatobiloba@webmail.com
Tian, Tian@email.com
Benji, Benji@mail.net
Ibrahim, Ibrahim@correio.org
Evan, Evan@dominio.com
Jerry, Jerry@gmail.com
Byron, Byron@gmail.com
Roderick, Roderick@outlook.com
Adam-James, Adam-James@gmail.com
Averon, Averon@exemplo.com
Loukas, Loukas@webmail.com
Chimsom, Chimsom@yahoo.com
Lloyd, Lloyd@gmail.com
Reggie, Reggie@outlook.com
Chase, Chase@gmail.com
Badsha, Badsha@email.com
Nabeel, Nabeel@exemplo.com
Andreas, Andreas@email.com
Jorge, Jorge@dominio.com
Tammam, Tammam@hotmail.com
Suraj, Suraj@outlook.com
Erdehan, Erdehan@exemplo.com
Oluwadamiloju, Oluwadamiloju@webmail.com
Mohammad-Bilal, Mohammad-Bilal@exemplo.com
Denver, Denver@exemplo.com
Adain, Adain@outlook.com
Ferre, Ferre@mail.net
Camron, Camron@correio.org
Spencer, Spencer@webmail.com
Leighton, Leighton@email.com
Alastair, Alastair@hotmail.com
Eoin, Eoin@webmail.com
Tayyib, Tayyib@webmail.com
Zhuo, Zhuo@correio.org
Maitlind, Maitlind@outlook.com
Brooke, Brooke@gmail.com
Trai, Trai@gmail.com
Tanner, Tanner@dominio.com
Rafael, Rafael@yahoo.com
Lakshya, Lakshya@webmail.com
Raithin, Raithin@exemplo.com
Feden, Feden@mail.net
Xavier, Xavier@yahoo.com
Cohan, Cohan@dominio.com
Brad, Brad@webmail.com
Mueez, Mueez@email.com
Samar, Samar@dominio.com
Andrei, Andrei@gmail.com
Bekim, Bekim@webmail.com
Chris, Chris@mail.net
Amani, Amani@gmail.com
Duriel, Duriel@email.com
Nathanial, Nathanial@exemplo.com
Lionel, Lionel@correio.org
Codey, Codey@webmail.com
Ishwar, Ishwar@outlook.com
Campbel, Campbel@gmail.com
Braydon, Braydon@exemplo.com
Davy, Davy@outlook.com
Ailin, Ailin@correio.org
Jazz, Jazz@dominio.com
Diarmaid, Diarmaid@webmail.com
Rikki, Rikki@correio.org
Remo, Remo@email.com
Leon, Leon@webmail.com
Nicholas, Nicholas@exemplo.com
Bailey, Bailey@outlook.com
Eduards, Eduards@outlook.com
Raith, Raith@gmail.com
Carrick, Carrick@hotmail.com
Hcen, Hcen@yahoo.com
Lennex, Lennex@hotmail.com
Odynn, Odynn@yahoo.com
Farhan, Farhan@exemplo.com
Alishan, Alishan@yahoo.com
Aled, Aled@hotmail.com
Quinn, Quinn@dominio.com
Ceilan, Ceilan@correio.org
Selasi, Selasi@dominio.com
Matthew-William, Matthew-William@email.com
Dante, Dante@outlook.com
Julien, Julien@yahoo.com
Aaren, Aaren@outlook.com
Alber, Alber@outlook.com
Ari, Ari@exemplo.com
Zander, Zander@gmail.com
Ken, Ken@gmail.com
Niall, Niall@outlook.com
Ralfs, Ralfs@outlook.com
Kash, Kash@gmail.com
Kasra, Kasra@dominio.com
Chintu, Chintu@dominio.com
Kash, Kash@email.com
Jamey, Jamey@outlook.com
Mathew, Mathew@correio.org
Butali, Butali@gmail.com
Brandon, Brandon@outlook.com
Frazer, Frazer@outlook.com
Ayyub, Ayyub@dominio.com
Yuri, Yuri@outlook.com
Connal, Connal@exemplo.com
Monty, Monty@email.com
Zak, Zak@dominio.com
Hishaam, Hishaam@mail.net
Arturo, Arturo@mail.net
Anmolpreet, Anmolpreet@outlook.com
Abhinav, Abhinav@mail.net
Deon, Deon@exemplo.com
Layton, Layton@webmail.com
Darroch, Darroch@gmail.com
Christian, Christian@email.com
Baron, Baron@correio.org
Bobby, Bobby@gmail.com
Declyn, Declyn@hotmail.com
Graeme, Graeme@yahoo.com
Callan-Adam, Callan-Adam@email.com
Luke, Luke@mail.net
Walid, Walid@yahoo.com
Kallin, Kallin@outlook.com
Daniyal, Daniyal@gmail.com
Celik, Celik@gmail.com
Kealan, Kealan@gmail.com
Albie, Albie@dominio.com
Prabhjoit, Prabhjoit@gmail.com
Barney, Barney@mail.net
Areeb, Areeb@webmail.com
Jostelle, Jostelle@yahoo.com
Motade, Motade@webmail.com
Brooke, Brooke@dominio.com
William-John, William-John@gmail.com
Mahdi, Mahdi@email.com
Sayeed, Sayeed@hotmail.com
Daniel-James, Daniel-James@webmail.com
Daniel-James, Daniel-James@gmail.com
Uzayr, Uzayr@outlook.com
Milosz, Milosz@yahoo.com
Daimhin, Daimhin@hotmail.com
Latif, Latif@exemplo.com
Bobby, Bobby@dominio.com
Barkley, Barkley@dominio.com
Xavier, Xavier@hotmail.com
Hussnain, Hussnain@hotmail.com
Max, Max@outlook.com
Jasey-Jay, Jasey-Jay@yahoo.com
Arron, Arron@dominio.com
Markus, Markus@outlook.com
Cohan, Cohan@outlook.com
Artur, Artur@exemplo.com
Faisal, Faisal@webmail.com
Brynmor, Brynmor@dominio.com
Ammer, Ammer@outlook.com
Mark, Mark@gmail.com
Steven-lee, Steven-lee@email.com
Jensen, Jensen@outlook.com
Aidy, Aidy@exemplo.com
Ayrton, Ayrton@yahoo.com
Macauley, Macauley@gmail.com
Bjorn, Bjorn@mail.net
Joey, Joey@gmail.com
Kaan, Kaan@dominio.com
Sonni, Sonni@mail.net
Robbi, Robbi@outlook.com
Mungo, Mungo@mail.net
Richard, Richard@email.com
Aiden, Aiden@webmail.com
Shaarvin, Shaarvin@correio.org
Regean, Regean@outlook.com
Satveer, Satveer@correio.org
Celik, Celik@yahoo.com
Jensyn, Jensyn@outlook.com
Roray, Roray@exemplo.com
Mika, Mika@webmail.com
Braeden, Braeden@exemplo.com
Tanner, Tanner@exemplo.com
Cephas, Cephas@hotmail.com
Ehsan, Ehsan@mail.net
Dermot, Dermot@correio.org
Reagan, Reagan@email.com
Ace, Ace@mail.net
Aaryan, Aaryan@hotmail.com
Enzo, Enzo@webmail.com
Salahudin, Salahudin@dominio.com
Korey, Korey@webmail.com
Badsha, Badsha@yahoo.com
Cairn, Cairn@correio.org
Sol, Sol@email.com
Buddy, Buddy@email.com
Harjyot, Harjyot@email.com
Seumas, Seumas@yahoo.com
Leonard, Leonard@webmail.com
Barney, Barney@dominio.com
Selasi, Selasi@outlook.com
Eduards, Eduards@hotmail.com
Reynold, Reynold@gmail.com
Kashif, Kashif@dominio.com
Macaulay, Macaulay@hotmail.com
Joshiah, Joshiah@outlook.com
Lyall, Lyall@email.com
Kristian, Kristian@outlook.com
Torrin, Torrin@correio.org
Jaxon, Jaxon@mail.net
Mohammad, Mohammad@yahoo.com
Kieryn, Kieryn@outlook.com
Keeman, Keeman@hotmail.com
Malo, Malo@gmail.com
Mehmet, Mehmet@dominio.com
John-Scott, John-Scott@correio.org
Haroon, Haroon@email.com
Mario, Mario@correio.org
Cadan, Cadan@mail.net
Lyle, Lyle@mail.net
Abir, Abir@yahoo.com
Chaitanya, Chaitanya@correio.org
Leon, Leon@correio.org
Sulayman, Sulayman@hotmail.com
Harrison, Harrison@outlook.com
Jude, Jude@hotmail.com
Simon, Simon@email.com
Lukas, Lukas@webmail.com
Ashton-Lloyd, Ashton-Lloyd@outlook.com
Harris, Harris@dominio.com
Moayd, Moayd@gmail.com
Fruin, Fruin@exemplo.com
Kaeden, Kaeden@gmail.com
Obosa, Obosa@mail.net
Maryk, Maryk@email.com
Turner, Turner@mail.net
Taylan, Taylan@webmail.com
Warren, Warren@webmail.com
Ceiron, Ceiron@outlook.com
Seumas, Seumas@hotmail.com
Aria, Aria@mail.net
Garry, Garry@gmail.com
Averon, Averon@outlook.com
Hishaam, Hishaam@gmail.com
Ramanas, Ramanas@hotmail.com
Hamish, Hamish@correio.org
Daniels, Daniels@exemplo.com
Brandyn, Brandyn@correio.org
Zidane, Zidane@dominio.com
Kole, Kole@mail.net
John-Michael, John-Michael@email.com
Drew, Drew@mail.net
Ryhs, Ryhs@yahoo.com
Harikrishna, Harikrishna@gmail.com
Calan, Calan@webmail.com
Alistair, Alistair@exemplo.com
Emmanuel, Emmanuel@exemplo.com
Kyren, Kyren@webmail.com
Kain, Kain@outlook.com
Harley, Harley@correio.org
Allister, Allister@mail.net
Aryian, Aryian@exemplo.com
Denny, Denny@yahoo.com
Edwyn, Edwyn@outlook.com
Wynn, Wynn@hotmail.com
Dregan, Dregan@webmail.com
Jorge, Jorge@gmail.com
Azedine, Azedine@dominio.com
Roddy, Roddy@correio.org
Wilkie, Wilkie@correio.org
Calean, Calean@email.com
Marzuq, Marzuq@webmail.com
Aidy, Aidy@correio.org
Chintu, Chintu@outlook.com
Kendall, Kendall@exemplo.com
Kiyonari, Kiyonari@gmail.com
Ardeshir, Ardeshir@email.com
Tadd, Tadd@dominio.com
Lloyd, Lloyd@exemplo.com
Sinai, Sinai@email.com
Kyden, Kyden@yahoo.com
Harvey, Harvey@exemplo.com
Arved, Arved@yahoo.com
Regan, Regan@outlook.com
Muneeb, Muneeb@outlook.com
Alec, Alec@mail.net
Sahil, Sahil@outlook.com
Ashton, Ashton@yahoo.com
Toby, Toby@hotmail.com
Kean, Kean@dominio.com
Ruslan, Ruslan@correio.org
Copeland, Copeland@dominio.com
Rhyse, Rhyse@hotmail.com
Zeeshan, Zeeshan@mail.net
Kaden, Kaden@outlook.com
Billy, Billy@dominio.com
Chiron, Chiron@email.com
Eduardo, Eduardo@email.com
Brydon, Brydon@email.com
Kaelan, Kaelan@mail.net
Nathan, Nathan@gmail.com
Finnen, Finnen@gmail.com
Shaun, Shaun@webmail.com
Rahman, Rahman@webmail.com
Abbas, Abbas@correio.org
Adain, Adain@mail.net
Calley, Calley@outlook.com
Kacey, Kacey@yahoo.com
Bryden, Bryden@webmail.com
Edwin, Edwin@mail.net
Yoolgeun, Yoolgeun@webmail.com
Meyzhward, Meyzhward@hotmail.com
Ashtyn, Ashtyn@correio.org
Harry, Harry@exemplo.com
Rahil, Rahil@correio.org
Mickey, Mickey@hotmail.com
Cator, Cator@email.com
Satveer, Satveer@gmail.com
Aaron-James, Aaron-James@exemplo.com
Anselm, Anselm@yahoo.com
Caiden-Paul, Caiden-Paul@webmail.com
Damon, Damon@outlook.com
Leonard, Leonard@email.com
Juan, Juan@mail.net
Dalong, Dalong@email.com
Maxx, Maxx@hotmail.com
Ronnie, Ronnie@webmail.com
Gideon, Gideon@yahoo.com
Kodi, Kodi@exemplo.com
Warrick, Warrick@mail.net
Ennis, Ennis@dominio.com
Vuyolwethu, Vuyolwethu@yahoo.com
Kiegan, Kiegan@outlook.com
Jamal, Jamal@dominio.com
Fergal, Fergal@webmail.com
Kory, Kory@correio.org
Prince, Prince@correio.org
Veeran, Veeran@hotmail.com
Lockey, Lockey@dominio.com
Seane, Seane@exemplo.com
Kamil, Kamil@gmail.com
Jenson, Jenson@yahoo.com
Humza, Humza@mail.net
Msughter, Msughter@mail.net
Frank, Frank@email.com
Khevien, Khevien@outlook.com
Coll, Coll@mail.net
Ruaraidh, Ruaraidh@gmail.com
Emil, Emil@mail.net
Tamiem, Tamiem@dominio.com
Bevin, Bevin@email.com
Brydon-Craig, Brydon-Craig@dominio.com
Frazer, Frazer@mail.net
Marty, Marty@gmail.com
Ezekiel, Ezekiel@mail.net
Neshawn, Neshawn@hotmail.com
Callahan, Callahan@hotmail.com
Aaryn, Aaryn@webmail.com
Comghan, Comghan@exemplo.com
Oluwatobiloba, Oluwatobiloba@correio.org
Bailie, Bailie@email.com
Kaydin, Kaydin@yahoo.com
Hashim, Hashim@mail.net
Reynold, Reynold@email.com
Zoubaeir, Zoubaeir@outlook.com
Daud, Daud@mail.net
Abaan, Abaan@hotmail.com
Malikye, Malikye@outlook.com
Samuel, Samuel@hotmail.com
Eamonn, Eamonn@dominio.com
Kaydin, Kaydin@correio.org
Rice, Rice@outlook.com
Cephas, Cephas@exemplo.com
Eihli, Eihli@yahoo.com
Callan-Adam, Callan-Adam@outlook.com
Pearce, Pearce@webmail.com
Rhuan, Rhuan@outlook.com
Hadyn, Hadyn@correio.org
Keeton, Keeton@email.com
Shayan, Shayan@dominio.com
Dhani, Dhani@outlook.com
Ryo, Ryo@dominio.com
Kristofer, Kristofer@mail.net
Daumantas, Daumantas@exemplo.com
Lukasz, Lukasz@outlook.com
Kieren, Kieren@yahoo.com
Kajally, Kajally@webmail.com
Zachary, Zachary@dominio.com
Millar, Millar@outlook.com
Geoffrey, Geoffrey@mail.net
Vedantsinh, Vedantsinh@yahoo.com
Grant, Grant@hotmail.com
Beau, Beau@correio.org
Bartosz, Bartosz@correio.org
Harry, Harry@webmail.com
Ishwar, Ishwar@exemplo.com
Kensey, Kensey@gmail.com
Radmiras, Radmiras@outlook.com
Finnlay, Finnlay@webmail.com
Teiyib, Teiyib@dominio.com
Darien, Darien@outlook.com
Carter, Carter@outlook.com
Owain, Owain@outlook.com
Nathanial, Nathanial@email.com
Ciar, Ciar@gmail.com
Ossian, Ossian@dominio.com
Daanyaal, Daanyaal@hotmail.com
Igor, Igor@dominio.com
Teiyib, Teiyib@mail.net
Zen, Zen@dominio.com
Abaan, Abaan@yahoo.com
Lee, Lee@webmail.com
Aaren, Aaren@correio.org
Kris, Kris@dominio.com
Brannan, Brannan@gmail.com
Ahmad, Ahmad@dominio.com
Sami, Sami@outlook.com
Blazey, Blazey@mail.net
Taylar, Taylar@correio.org
Brynmor, Brynmor@mail.net
Corey-Jay, Corey-Jay@email.com
Elias, Elias@hotmail.com
Mitch, Mitch@correio.org
Addisson, Addisson@gmail.com
Maxim, Maxim@exemplo.com
Ivar, Ivar@exemplo.com
Lukmaan, Lukmaan@mail.net
Jonothan, Jonothan@webmail.com
Karam, Karam@exemplo.com
Tanner, Tanner@mail.net
Uzayr, Uzayr@mail.net
Presley, Presley@correio.org
Kodie, Kodie@correio.org
Shayne, Shayne@gmail.com
Cohan, Cohan@correio.org
Shea, Shea@dominio.com
Shea, Shea@yahoo.com
Jacques, Jacques@dominio.com
Fawkes, Fawkes@webmail.com
Ireoluwa, Ireoluwa@dominio.com
Pravin, Pravin@webmail.com
Peregrine, Peregrine@dominio.com
Kyan, Kyan@gmail.com
Emir, Emir@email.com
Benjamyn, Benjamyn@dominio.com
Glascott, Glascott@correio.org
Orran, Orran@yahoo.com
Chiqal, Chiqal@exemplo.com
Burak, Burak@hotmail.com
Darragh, Darragh@mail.net
Jaheim, Jaheim@hotmail.com
Kane, Kane@outlook.com
Timothy, Timothy@outlook.com
Korey, Korey@outlook.com
Keir, Keir@hotmail.com
Mickey, Mickey@mail.net
Flint, Flint@outlook.com
Leigh, Leigh@correio.org
John-Michael, John-Michael@outlook.com
Jaydn, Jaydn@webmail.com
Alihaider, Alihaider@hotmail.com
Vincenzo, Vincenzo@exemplo.com
Loche, Loche@outlook.com
Adegbola, Adegbola@correio.org
Kurt, Kurt@hotmail.com
Sam, Sam@mail.net
Tayyab, Tayyab@webmail.com
Kael, Kael@correio.org
Ammer, Ammer@email.com
Iain, Iain@gmail.com
Abdullah, Abdullah@webmail.com
Baley, Baley@gmail.com
Brydon, Brydon@correio.org
Amir, Amir@outlook.com
Bilal, Bilal@hotmail.com
Asif, Asif@gmail.com
Asim, Asim@gmail.com
Kalum, Kalum@gmail.com
Jorge, Jorge@mail.net
Shannon, Shannon@dominio.com
Chris, Chris@yahoo.com
Corey-Jay, Corey-Jay@hotmail.com
Aristotelis, Aristotelis@email.com
Dougray, Dougray@hotmail.com
Jac, Jac@email.com
Filippo, Filippo@dominio.com
Nuada, Nuada@exemplo.com
Tibet, Tibet@yahoo.com
Aazaan, Aazaan@outlook.com
Declyan, Declyan@exemplo.com
Ahtasham, Ahtasham@exemplo.com
Elisau, Elisau@exemplo.com
Eng, Eng@dominio.com
Tiree, Tiree@hotmail.com
Shaunpaul, Shaunpaul@outlook.com
Barney, Barney@outlook.com
Mohammad, Mohammad@email.com
Charlie, Charlie@hotmail.com
Baillie, Baillie@webmail.com
Reno, Reno@exemplo.com
Darrell, Darrell@correio.org
Wayde, Wayde@dominio.com
Jordan, Jordan@correio.org
Daniil, Daniil@gmail.com
Porter, Porter@email.com
Leonard, Leonard@outlook.com
Gian, Gian@exemplo.com
Mikolaj, Mikolaj@correio.org
Jamie, Jamie@yahoo.com
Bernard, Bernard@yahoo.com
Connor-David, Connor-David@exemplo.com
Declyn, Declyn@gmail.com
Pedram, Pedram@gmail.com
Celik, Celik@hotmail.com
Firaaz, Firaaz@webmail.com
Louis, Louis@mail.net
Dermot, Dermot@outlook.com
Uzair, Uzair@webmail.com
Riccardo, Riccardo@webmail.com
Lael, Lael@yahoo.com
Caolan, Caolan@yahoo.com
Maneet, Maneet@dominio.com
Tobey, Tobey@dominio.com
Kyral, Kyral@mail.net
Kern, Kern@mail.net
Dolan, Dolan@yahoo.com
Soham, Soham@exemplo.com
Gregory, Gregory@dominio.com
Flynn, Flynn@hotmail.com
Mehmet, Mehmet@hotmail.com
Umer, Umer@hotmail.com
Lenyn, Lenyn@correio.org
Sahaib, Sahaib@exemplo.com
Rory, Rory@webmail.com
Rubhan, Rubhan@mail.net
Devyn, Devyn@correio.org
J, J@gmail.com
Efe, Efe@mail.net
Gene, Gene@mail.net
Muzammil, Muzammil@outlook.com
Jean-Pierre, Jean-Pierre@yahoo.com
Jaymie, Jaymie@exemplo.com
Robi, Robi@hotmail.com
Tobi, Tobi@webmail.com
Ridwan, Ridwan@correio.org
Titus, Titus@webmail.com
Keiran, Keiran@dominio.com
Wai, Wai@webmail.com
Moayd, Moayd@webmail.com
Dan, Dan@yahoo.com
Chang-Ha, Chang-Ha@exemplo.com
Johnathan, Johnathan@gmail.com
Abdulmalik, Abdulmalik@hotmail.com
Famara, Famara@outlook.com
Rhyon, Rhyon@mail.net
Forrest, Forrest@webmail.com
Aleksandar, Aleksandar@webmail.com
Calin, Calin@outlook.com
Kealan, Kealan@mail.net
Jarl, Jarl@gmail.com
Alistar, Alistar@gmail.com
Daksh, Daksh@email.com
Luke, Luke@hotmail.com
Abubakar, Abubakar@exemplo.com
Brajan, Brajan@yahoo.com
Macauley, Macauley@email.com
Alber, Alber@dominio.com
Arandeep, Arandeep@hotmail.com
Macsen, Macsen@dominio.com
Kaiden, Kaiden@correio.org
Nawfal, Nawfal@hotmail.com
Ranolph, Ranolph@gmail.com
Sher, Sher@exemplo.com
Robi, Robi@exemplo.com
Karson, Karson@correio.org
Santino, Santino@mail.net
Cullin, Cullin@dominio.com
Markus, Markus@webmail.com
Ubaid, Ubaid@dominio.com
Guy, Guy@mail.net
Pablo, Pablo@exemplo.com
Sheigh, Sheigh@gmail.com
Prince, Prince@hotmail.com
Keiron, Keiron@email.com
Breogan, Breogan@mail.net
Quinlan, Quinlan@yahoo.com
Lincoln-John, Lincoln-John@webmail.com
Fyfe, Fyfe@email.com
Issiaka, Issiaka@gmail.com
Loche, Loche@hotmail.com
Koby, Koby@exemplo.com
Zaine, Zaine@yahoo.com
Zubair, Zubair@email.com
Habeeb, Habeeb@email.com
Baye, Baye@webmail.com
Laurence, Laurence@correio.org
Krishan, Krishan@gmail.com
Harleigh, Harleigh@hotmail.com
Conor, Conor@correio.org
Aryankhan, Aryankhan@yahoo.com
Maanav, Maanav@webmail.com
Montague, Montague@mail.net
Eidhan, Eidhan@email.com
Kieren, Kieren@correio.org
Meyzhward, Meyzhward@gmail.com
Didier, Didier@email.com
Bradley, Bradley@yahoo.com
Linton, Linton@hotmail.com
Jordyn, Jordyn@outlook.com
Sukhi, Sukhi@dominio.com
Luciano, Luciano@email.com
Aaran, Aaran@yahoo.com
Darcy, Darcy@correio.org
Ayman, Ayman@webmail.com
Hussan, Hussan@hotmail.com
Zion, Zion@hotmail.com
Dillon, Dillon@mail.net
Braden, Braden@mail.net
Saghun, Saghun@dominio.com
Oryn, Oryn@hotmail.com
Samy, Samy@webmail.com
Sonneey, Sonneey@exemplo.com
Clayton, Clayton@correio.org
Dyllon, Dyllon@outlook.com
Ayman, Ayman@dominio.com
Oswald, Oswald@outlook.com
Bradly, Bradly@outlook.com
Sullivan, Sullivan@mail.net
Enis, Enis@webmail.com
Graham, Graham@outlook.com
Arron, Arron@yahoo.com
Tyllor, Tyllor@exemplo.com
Daithi, Daithi@webmail.com
Lliam, Lliam@webmail.com
Brendyn, Brendyn@dominio.com
Jaii, Jaii@exemplo.com
Darl, Darl@webmail.com
Peni, Peni@gmail.com
Scott, Scott@outlook.com
Axel, Axel@hotmail.com
Elijah, Elijah@gmail.com
Billy, Billy@webmail.com
Rafal, Rafal@outlook.com
Bailley, Bailley@mail.net
Rayaan, Rayaan@gmail.com
Ridwan, Ridwan@gmail.com
Brooklyn, Brooklyn@email.com
Banan, Banan@correio.org
Hagun, Hagun@email.com
Lliam, Lliam@outlook.com
Eonan, Eonan@webmail.com
Rayan, Rayan@exemplo.com
Tyrnan, Tyrnan@gmail.com
Jaay, Jaay@gmail.com
Nicodemus, Nicodemus@exemplo.com
Ravin, Ravin@yahoo.com
Bryden, Bryden@outlook.com
Soul, Soul@webmail.com
Zach, Zach@email.com
Moshy, Moshy@exemplo.com
Apisai, Apisai@gmail.com
Jazib, Jazib@email.com
Dedeniseoluwa, Dedeniseoluwa@hotmail.com
Kiran, Kiran@mail.net
Kabir, Kabir@mail.net
Cassy, Cassy@email.com
Kaydan, Kaydan@outlook.com
Kez, Kez@dominio.com
Lagan, Lagan@exemplo.com
Reigan, Reigan@yahoo.com
Johannes, Johannes@mail.net
Kale, Kale@outlook.com
Roderick, Roderick@webmail.com
Roshan, Roshan@exemplo.com
Dillan, Dillan@email.com
Maxx, Maxx@correio.org
Victor, Victor@webmail.com
Kyral, Kyral@hotmail.com
Kaeden, Kaeden@hotmail.com
Bradly, Bradly@gmail.com
Reiss, Reiss@yahoo.com
Ayyub, Ayyub@exemplo.com
Murdo, Murdo@exemplo.com
Eason, Eason@yahoo.com
Fawkes, Fawkes@exemplo.com
Lionel, Lionel@email.com
David, David@webmail.com
Hendri, Hendri@webmail.com
Emir, Emir@yahoo.com
Reegan, Reegan@mail.net
Urban, Urban@webmail.com
Haseeb, Haseeb@outlook.com
Sami-Ullah, Sami-Ullah@yahoo.com
Lisandro, Lisandro@hotmail.com
Gjan, Gjan@webmail.com
Callie, Callie@correio.org
Cullin, Cullin@email.com
Ikechukwu, Ikechukwu@yahoo.com
Remo, Remo@exemplo.com
Dre, Dre@dominio.com
Lucus, Lucus@gmail.com
Kenzeigh, Kenzeigh@dominio.com
Farzad, Farzad@exemplo.com
Ayub, Ayub@webmail.com
Caidyn, Caidyn@mail.net
Milo, Milo@mail.net
Campbel, Campbel@correio.org
Kyle-Derek, Kyle-Derek@dominio.com
Bradlie, Bradlie@hotmail.com
Devin, Devin@webmail.com
Zeid, Zeid@outlook.com
Kareem, Kareem@mail.net
Kerr, Kerr@dominio.com
Dhani, Dhani@dominio.com
Igor, Igor@outlook.com
Aydon, Aydon@webmail.com
Diesil, Diesil@webmail.com
Rorie, Rorie@correio.org
Abdulbasir, Abdulbasir@webmail.com
Bryce, Bryce@webmail.com
Dedeniseoluwa, Dedeniseoluwa@mail.net
Ed, Ed@correio.org
Killian, Killian@webmail.com
Loki, Loki@correio.org
LLeyton, LLeyton@email.com
Symon, Symon@email.com
Jia, Jia@dominio.com
Darach, Darach@dominio.com
Nickson, Nickson@exemplo.com
Moayd, Moayd@yahoo.com
Hyden, Hyden@email.com
Orin, Orin@mail.net
Ailin, Ailin@exemplo.com
Barath, Barath@email.com
Marley, Marley@mail.net
Apisai, Apisai@email.com
Rhyan, Rhyan@hotmail.com
Flynn, Flynn@gmail.com
Anesu, Anesu@outlook.com
Ilyas, Ilyas@dominio.com
Niki, Niki@correio.org
Nathanial, Nathanial@hotmail.com
Shawnpaul, Shawnpaul@mail.net
Ericlee, Ericlee@yahoo.com
Conli, Conli@exemplo.com
Caolan, Caolan@correio.org
Jakub, Jakub@outlook.com
Braden, Braden@gmail.com
Lennex, Lennex@outlook.com
Hussnain, Hussnain@exemplo.com
Warrick, Warrick@email.com
Antonio, Antonio@exemplo.com
Cillin, Cillin@correio.org
Xue, Xue@webmail.com
Korey, Korey@hotmail.com
Kayden, Kayden@hotmail.com
Lysander, Lysander@outlook.com
Robert, Robert@email.com
Finan, Finan@email.com
Niro, Niro@yahoo.com
Ridwan, Ridwan@email.com
Kruz, Kruz@email.com
Koddi, Koddi@gmail.com
Ciarian, Ciarian@exemplo.com
Tobey, Tobey@exemplo.com
Lucus, Lucus@webmail.com
Howard, Howard@webmail.com
Talha, Talha@email.com
Igor, Igor@exemplo.com
Kiaran, Kiaran@outlook.com
Jaz, Jaz@hotmail.com
Chiqal, Chiqal@webmail.com
Darrach, Darrach@hotmail.com
Brandan, Brandan@mail.net
Teos, Teos@email.com
Forrest, Forrest@yahoo.com
Jameil, Jameil@email.com
Bentley, Bentley@correio.org
Taiwo, Taiwo@outlook.com
Brannan, Brannan@dominio.com
Taliesin, Taliesin@webmail.com
Baron, Baron@gmail.com
Aray, Aray@dominio.com
Sanaullah, Sanaullah@dominio.com
Sethu, Sethu@webmail.com
Laughlan, Laughlan@email.com
Digby, Digby@outlook.com
Fyfe, Fyfe@webmail.com
Wen, Wen@correio.org
Zijie, Zijie@correio.org
Ezra, Ezra@email.com
Pearce, Pearce@correio.org
Tai, Tai@mail.net
Hagun, Hagun@mail.net
Manuel, Manuel@outlook.com
Tiarnan, Tiarnan@email.com
Koray, Koray@dominio.com
Anthony, Anthony@webmail.com
Rheo, Rheo@correio.org
Bryson, Bryson@dominio.com
Lasse, Lasse@yahoo.com
Pearse, Pearse@hotmail.com
Jesuseun, Jesuseun@mail.net
Callin, Callin@mail.net
Jaay, Jaay@correio.org
Bader, Bader@dominio.com
Tre, Tre@correio.org
Craig-James, Craig-James@exemplo.com
Alishan, Alishan@correio.org
Ines, Ines@yahoo.com
Kaileb, Kaileb@dominio.com
Wojciech, Wojciech@mail.net
Tony, Tony@dominio.com
Aliyaan, Aliyaan@outlook.com
George, George@dominio.com
Zainedin, Zainedin@exemplo.com
Odin, Odin@hotmail.com
Muhammed, Muhammed@dominio.com
Hiro, Hiro@webmail.com
Dawson, Dawson@correio.org
Phani, Phani@webmail.com
Marcello, Marcello@webmail.com
Isaa, Isaa@gmail.com
Wen, Wen@dominio.com
Zayn, Zayn@correio.org
Chester, Chester@email.com
Vinay, Vinay@gmail.com
Declan, Declan@yahoo.com
Krzysztof, Krzysztof@exemplo.com
Teydren, Teydren@yahoo.com
Mahan, Mahan@hotmail.com
Conlyn, Conlyn@hotmail.com
Noah, Noah@dominio.com
Damon, Damon@webmail.com
Remo, Remo@hotmail.com
Eidhan, Eidhan@outlook.com
Abubakar, Abubakar@dominio.com
Athos-Carlos, Athos-Carlos@yahoo.com
Omar, Omar@hotmail.com
Kayam, Kayam@outlook.com
Callan-Adam, Callan-Adam@gmail.com
Mohamad, Mohamad@outlook.com
Amgad, Amgad@email.com
Olaoluwapolorimi, Olaoluwapolorimi@correio.org
Jordon, Jordon@dominio.com
Jarl, Jarl@outlook.com
Domenico, Domenico@email.com
Alexzander, Alexzander@yahoo.com
Ayomide, Ayomide@yahoo.com
Dayem, Dayem@gmail.com
Eamon, Eamon@mail.net
Shadow, Shadow@correio.org
Rhuairidh, Rhuairidh@email.com
Guerin, Guerin@mail.net
Jaida, Jaida@mail.net
Adam-James, Adam-James@exemplo.com
Ali, Ali@webmail.com
Daumantas, Daumantas@yahoo.com
Abdalroof, Abdalroof@gmail.com
Kash, Kash@outlook.com
Comghan, Comghan@yahoo.com
Rhyley, Rhyley@gmail.com
Leon, Leon@dominio.com
Zi, Zi@email.com
Farhaan, Farhaan@gmail.com
Lyall, Lyall@exemplo.com
Callin, Callin@webmail.com
Kayleb, Kayleb@webmail.com
Sultan, Sultan@email.com
Tanay, Tanay@dominio.com
Stanislaw, Stanislaw@yahoo.com
Zayd, Zayd@correio.org
Arjuna, Arjuna@gmail.com
Litrell, Litrell@email.com
Ryese, Ryese@hotmail.com
Syed, Syed@correio.org
Victory, Victory@outlook.com
Kym, Kym@yahoo.com
Drakeo, Drakeo@correio.org
Eamonn, Eamonn@exemplo.com
Ohran, Ohran@outlook.com
Aldred, Aldred@outlook.com
Preston-Jay, Preston-Jay@correio.org
Basile, Basile@webmail.com
Eadie, Eadie@yahoo.com
Emmet, Emmet@outlook.com
Armen, Armen@email.com
Talorcan, Talorcan@correio.org
Nathanael, Nathanael@mail.net
Manson, Manson@exemplo.com
Eoghan, Eoghan@webmail.com
Dean, Dean@gmail.com
Dillan, Dillan@correio.org
Olaoluwapolorimi, Olaoluwapolorimi@exemplo.com
Ker, Ker@dominio.com
Dylan-Jack, Dylan-Jack@outlook.com
Rohin, Rohin@dominio.com
Wei, Wei@hotmail.com
Mohamed, Mohamed@yahoo.com
Gustav, Gustav@hotmail.com
Breandan, Breandan@gmail.com
Kiern, Kiern@outlook.com
Callyn, Callyn@hotmail.com
Zhi, Zhi@email.com
Edison, Edison@exemplo.com
Sandy, Sandy@gmail.com
Harold, Harold@outlook.com
Aryn, Aryn@gmail.com
Ailin, Ailin@mail.net
Seb, Seb@correio.org
Ksawier, Ksawier@yahoo.com
Callie, Callie@gmail.com
Finlay, Finlay@correio.org
Mobeen, Mobeen@hotmail.com
Mathew, Mathew@outlook.com
Ayden, Ayden@webmail.com
Tanzeel, Tanzeel@email.com
Dhani, Dhani@email.com
Raees, Raees@dominio.com
Oluwatoni, Oluwatoni@outlook.com
Luka, Luka@dominio.com
Chad, Chad@gmail.com
Abaan, Abaan@correio.org
Rennie, Rennie@correio.org
Rufus, Rufus@webmail.com
Mahdi, Mahdi@mail.net
Grayson, Grayson@correio.org
Kelam, Kelam@dominio.com
Hadji, Hadji@gmail.com
Rivan, Rivan@mail.net
Zachariya, Zachariya@exemplo.com
Decklan, Decklan@yahoo.com
Vasyl, Vasyl@exemplo.com
Harjeevan, Harjeevan@hotmail.com
Lliam, Lliam@yahoo.com
Sean, Sean@mail.net
Murray, Murray@email.com
Frazer, Frazer@dominio.com
Forrest, Forrest@hotmail.com
Liyonela-Elam, Liyonela-Elam@gmail.com
Findlay-James, Findlay-James@dominio.com
Thomas-Jay, Thomas-Jay@yahoo.com
Rhudi, Rhudi@dominio.com
Hcen, Hcen@hotmail.com
Ksawery, Ksawery@mail.net
Hansen, Hansen@dominio.com
Alexzander, Alexzander@email.com
Emerson, Emerson@correio.org
Jez, Jez@mail.net
Kenzy, Kenzy@hotmail.com
Atal, Atal@hotmail.com
Zakary, Zakary@correio.org
Rexford, Rexford@dominio.com
Pierre-Antoine, Pierre-Antoine@mail.net
Brooklyn, Brooklyn@hotmail.com
Kairn, Kairn@correio.org
Oluwatoni, Oluwatoni@exemplo.com
Dinaras, Dinaras@exemplo.com
Mustafa, Mustafa@gmail.com
Anis, Anis@hotmail.com
Lloyde, Lloyde@gmail.com
Kym, Kym@outlook.com
Ross-Andrew, Ross-Andrew@webmail.com
Blaike, Blaike@exemplo.com
Stuart, Stuart@dominio.com
Pardeepraj, Pardeepraj@email.com
Denton, Denton@email.com
Calvin, Calvin@correio.org
Pavit, Pavit@dominio.com
Shane, Shane@correio.org
Arlo, Arlo@exemplo.com
Chang-Ha, Chang-Ha@yahoo.com
Tayler, Tayler@dominio.com
Noel, Noel@outlook.com
Chiron, Chiron@yahoo.com
Anthony-John, Anthony-John@correio.org
Rajan, Rajan@dominio.com
Campbel, Campbel@yahoo.com
Noah, Noah@exemplo.com
Zacharias, Zacharias@exemplo.com
Braeden, Braeden@email.com
Noor, Noor@correio.org
Fikret, Fikret@email.com
Sachkirat, Sachkirat@exemplo.com
Fynn, Fynn@gmail.com
Keavan, Keavan@exemplo.com
Subhaan, Subhaan@email.com
Torran, Torran@exemplo.com
Baley, Baley@yahoo.com
Kames, Kames@exemplo.com
Ryszard, Ryszard@outlook.com
Damien, Damien@email.com
Kenan, Kenan@email.com
Bartlomiej, Bartlomiej@yahoo.com
Boedyn, Boedyn@webmail.com
Rufus, Rufus@email.com
Antoine, Antoine@yahoo.com
Coby, Coby@gmail.com
Hadji, Hadji@yahoo.com
Luka, Luka@exemplo.com
Kylar, Kylar@yahoo.com
Laison, Laison@dominio.com
Lawlyn, Lawlyn@hotmail.com
Maaz, Maaz@gmail.com
Tyler, Tyler@hotmail.com
Oskar, Oskar@dominio.com
Douglas, Douglas@dominio.com
Alisdair, Alisdair@correio.org
Nasser, Nasser@hotmail.com
Aslam, Aslam@mail.net
Kie, Kie@gmail.com
Bezalel, Bezalel@webmail.com
Cayden-Tiamo, Cayden-Tiamo@outlook.com
Attila, Attila@correio.org
Pearse, Pearse@correio.org
Jorge, Jorge@outlook.com
Joshua, Joshua@exemplo.com
Maison, Maison@correio.org
Makenzie, Makenzie@mail.net
Reid, Reid@outlook.com
Ahtasham, Ahtasham@gmail.com
Denis, Denis@outlook.com
Rory, Rory@hotmail.com
Zi, Zi@webmail.com
Kadin, Kadin@hotmail.com
Atom, Atom@mail.net
Levi, Levi@email.com
Taylor-Jay, Taylor-Jay@exemplo.com
Orley, Orley@correio.org
Windsor, Windsor@outlook.com
Erencem, Erencem@gmail.com
Kaidyn, Kaidyn@mail.net
Orlando, Orlando@webmail.com
Saifaddine, Saifaddine@mail.net
Clark, Clark@email.com
Koby, Koby@gmail.com
Toby, Toby@dominio.com
Abdallah, Abdallah@hotmail.com
Aryian, Aryian@yahoo.com
Asfhan, Asfhan@mail.net
Dylan, Dylan@gmail.com
Rasul, Rasul@hotmail.com
Niki, Niki@exemplo.com
Rupert, Rupert@webmail.com
Georgia, Georgia@yahoo.com
Jean-Pierre, Jean-Pierre@hotmail.com
Ezekiel, Ezekiel@outlook.com
Nyah, Nyah@gmail.com
Muzzammil, Muzzammil@mail.net
Kairn, Kairn@outlook.com
Aaran, Aaran@exemplo.com
Cadyn, Cadyn@outlook.com
Ege, Ege@yahoo.com
Lysander, Lysander@correio.org
Jordy, Jordy@correio.org
Darragh, Darragh@email.com
Keiran, Keiran@webmail.com
Burhan, Burhan@yahoo.com
Muir, Muir@yahoo.com
Airlie, Airlie@yahoo.com
Ellisandro, Ellisandro@gmail.com
Muhamadjavad, Muhamadjavad@hotmail.com
Mael, Mael@mail.net
Rheyden, Rheyden@webmail.com
Malachi, Malachi@dominio.com
Xiao, Xiao@outlook.com
Shaughn, Shaughn@outlook.com
Alan, Alan@hotmail.com
Majid, Majid@email.com
Eden, Eden@exemplo.com
Damon, Damon@mail.net
Vuyolwethu, Vuyolwethu@correio.org
Scott-Alexander, Scott-Alexander@outlook.com
Folarinwa, Folarinwa@dominio.com
Cadyn, Cadyn@dominio.com
Gregor, Gregor@mail.net
Peregrine, Peregrine@outlook.com
Eren, Eren@correio.org
Lauchlan, Lauchlan@webmail.com
Leithen, Leithen@webmail.com
Layton, Layton@outlook.com
Kelvin, Kelvin@webmail.com
Alex, Alex@dominio.com
Ikemsinachukwu, Ikemsinachukwu@webmail.com
Glascott, Glascott@exemplo.com
Abid, Abid@webmail.com
Alihaider, Alihaider@mail.net
Tomas, Tomas@webmail.com
Blair, Blair@correio.org
Uzayr, Uzayr@email.com
Calan, Calan@correio.org
Fynn, Fynn@exemplo.com
Zachariya, Zachariya@hotmail.com
Aryn, Aryn@yahoo.com
Maddison, Maddison@outlook.com
Jaiden, Jaiden@exemplo.com
Danar, Danar@exemplo.com
Jaime, Jaime@gmail.com
Kierin, Kierin@gmail.com
Ren, Ren@gmail.com
Benoit, Benoit@correio.org
Crombie, Crombie@correio.org
Turner, Turner@yahoo.com
Kie, Kie@mail.net
Davis, Davis@exemplo.com
Kris, Kris@hotmail.com
Teo, Teo@correio.org
Manolo, Manolo@yahoo.com
Alishan, Alishan@dominio.com
Rhy, Rhy@webmail.com
Diarmid, Diarmid@outlook.com
Zachariah, Zachariah@mail.net
Alastair, Alastair@webmail.com
Keeton, Keeton@gmail.com
Kaylum, Kaylum@correio.org
Dhyia, Dhyia@hotmail.com
Glen, Glen@webmail.com
Crawford, Crawford@yahoo.com
Wynn, Wynn@mail.net
Brooke, Brooke@outlook.com
Kaydyne, Kaydyne@outlook.com
Derryn, Derryn@yahoo.com
Brett, Brett@exemplo.com
Milosz, Milosz@webmail.com
Arnav, Arnav@exemplo.com
Kaine, Kaine@gmail.com
Franco, Franco@correio.org
Eryk, Eryk@yahoo.com
Bruce, Bruce@webmail.com
Daegan, Daegan@yahoo.com
Kye, Kye@yahoo.com
Keir, Keir@yahoo.com
Yang, Yang@hotmail.com
Shenuk, Shenuk@hotmail.com
Danny, Danny@dominio.com
Austin, Austin@dominio.com
Rogan, Rogan@correio.org
Haider, Haider@gmail.com
Ashton-Lloyd, Ashton-Lloyd@webmail.com
Kayne, Kayne@mail.net
Macauley, Macauley@mail.net
Campbell, Campbell@email.com
Colt, Colt@mail.net
Emir, Emir@hotmail.com
Cal, Cal@correio.org
Diarmuid, Diarmuid@correio.org
J, J@webmail.com
Maias, Maias@dominio.com
Faysal, Faysal@mail.net
Muhammad, Muhammad@mail.net
Neco, Neco@mail.net
Azzam, Azzam@gmail.com
Joss, Joss@gmail.com
Gursees, Gursees@yahoo.com
Yousif, Yousif@exemplo.com
Adenn, Adenn@email.com
Deelan, Deelan@webmail.com
Mika, Mika@dominio.com
Jean-Lewis, Jean-Lewis@exemplo.com
Barry, Barry@gmail.com
Meftah, Meftah@yahoo.com
Jazeb, Jazeb@outlook.com
Erik, Erik@outlook.com
Macy, Macy@mail.net
Carrick, Carrick@dominio.com
Arfin, Arfin@outlook.com
Harman, Harman@email.com
Khizer, Khizer@gmail.com
Charly, Charly@email.com
Bryan, Bryan@outlook.com
Uchenna, Uchenna@gmail.com
Rupert, Rupert@yahoo.com
Aazaan, Aazaan@gmail.com
Dominic, Dominic@dominio.com
Gianmarco, Gianmarco@yahoo.com
Reed, Reed@hotmail.com
Anselm, Anselm@outlook.com
Diesil, Diesil@mail.net
Aman, Aman@hotmail.com
Hugo, Hugo@email.com
Masood, Masood@yahoo.com
Shai, Shai@dominio.com
Braydyn, Braydyn@exemplo.com
Reynold, Reynold@mail.net
Sahil, Sahil@exemplo.com
Kez, Kez@gmail.com
Jordan, Jordan@webmail.com
Connar, Connar@gmail.com
Thrinei, Thrinei@gmail.com
Teighen, Teighen@webmail.com
Aleksandrs, Aleksandrs@dominio.com
Roy, Roy@correio.org
Darn, Darn@exemplo.com
Braiden, Braiden@hotmail.com
Zeid, Zeid@dominio.com
Forgan, Forgan@dominio.com
Aulay, Aulay@exemplo.com
Elyan, Elyan@mail.net
Alphonse, Alphonse@correio.org
Ireoluwa, Ireoluwa@outlook.com
Reece, Reece@hotmail.com
Kain, Kain@yahoo.com
Saad, Saad@webmail.com
Jaime, Jaime@correio.org
Teiyib, Teiyib@correio.org
Lewie, Lewie@webmail.com
Steve, Steve@exemplo.com
Muzzammil, Muzzammil@outlook.com
Alec, Alec@webmail.com
Brendan, Brendan@webmail.com
Aryian, Aryian@mail.net
Kelvin, Kelvin@correio.org
Campbell, Campbell@yahoo.com
Brandan, Brandan@email.com
Willum, Willum@outlook.com
Finnean, Finnean@hotmail.com
Sohan, Sohan@exemplo.com
Abaan, Abaan@outlook.com
Luk, Luk@gmail.com
Tyra, Tyra@dominio.com
Mateusz, Mateusz@gmail.com
Odhran, Odhran@hotmail.com
Angus, Angus@dominio.com
Michael-Alexander, Michael-Alexander@dominio.com
Makensie, Makensie@correio.org
Dominik, Dominik@gmail.com
Bruno, Bruno@yahoo.com
Gianmarco, Gianmarco@mail.net
Strachan, Strachan@yahoo.com
Franco, Franco@email.com
Jordyn, Jordyn@webmail.com
Rohit, Rohit@gmail.com
Muhammad, Muhammad@exemplo.com
Bendeguz, Bendeguz@mail.net
Abu, Abu@hotmail.com
Aditya, Aditya@gmail.com
Mikey, Mikey@email.com
Lysander, Lysander@webmail.com
Ceiron, Ceiron@email.com
Tiree, Tiree@exemplo.com
Lloyde, Lloyde@dominio.com
Kyran, Kyran@correio.org
Roshan, Roshan@email.com
Jacki, Jacki@mail.net
Qasim, Qasim@email.com
Kile, Kile@webmail.com
Chiron, Chiron@gmail.com
Vrishin, Vrishin@gmail.com
Keo, Keo@outlook.com
Keelan, Keelan@webmail.com
Alfee, Alfee@outlook.com
Keane, Keane@mail.net
Daegyu, Daegyu@webmail.com
Caolain, Caolain@exemplo.com
Avinash, Avinash@outlook.com
Bayley, Bayley@outlook.com
Aled, Aled@dominio.com
Jazeb, Jazeb@mail.net
Elias, Elias@webmail.com
Etienne, Etienne@webmail.com
Riccardo, Riccardo@dominio.com
Rio, Rio@dominio.com
Daren, Daren@hotmail.com
Hamish, Hamish@exemplo.com
Scott-Alexander, Scott-Alexander@email.com
Mir, Mir@correio.org
Gurwinder, Gurwinder@email.com
Malakai, Malakai@gmail.com
Ainslie, Ainslie@email.com
Allesandro, Allesandro@webmail.com
Oluwafemi, Oluwafemi@yahoo.com
William-John, William-John@hotmail.com
Sohan, Sohan@webmail.com
Andy, Andy@outlook.com
Filippo, Filippo@correio.org
Brydon, Brydon@outlook.com
Annan, Annan@webmail.com
Jasey-Jay, Jasey-Jay@webmail.com
Clyde, Clyde@outlook.com
Ramsey, Ramsey@correio.org
Louie, Louie@mail.net
T-Jay, T-Jay@email.com
Kylar, Kylar@mail.net
Curtis, Curtis@gmail.com
Babur, Babur@mail.net
Bentley, Bentley@webmail.com
Manolo, Manolo@webmail.com
Ogheneruno, Ogheneruno@yahoo.com
Geoffrey, Geoffrey@gmail.com
Jackson, Jackson@mail.net
Calum-James, Calum-James@gmail.com
Lorcan, Lorcan@outlook.com
Darn, Darn@correio.org
Kareem, Kareem@yahoo.com
Hussan, Hussan@webmail.com
Macy, Macy@email.com
Kalen, Kalen@email.com
Albert, Albert@email.com
Ines, Ines@dominio.com
Lorenz, Lorenz@correio.org
Jackie, Jackie@exemplo.com
Taylor-Jay, Taylor-Jay@dominio.com
Keir, Keir@webmail.com
Cormac, Cormac@mail.net
Charley, Charley@yahoo.com
Wasif, Wasif@webmail.com
Sahil, Sahil@gmail.com
Guthrie, Guthrie@outlook.com
Shaughn, Shaughn@webmail.com
McKauley, McKauley@exemplo.com
Kogan, Kogan@mail.net
Noah, Noah@email.com
Kenlin, Kenlin@gmail.com
Zane, Zane@webmail.com
Campbel, Campbel@outlook.com
Cosmo, Cosmo@exemplo.com
Eryk, Eryk@webmail.com
Amrit, Amrit@outlook.com
Eshan, Eshan@email.com
Georgia, Georgia@dominio.com
Aleksander, Aleksander@mail.net
Eihli, Eihli@exemplo.com
Ines, Ines@exemplo.com
Azlan, Azlan@dominio.com
Teodor, Teodor@webmail.com
Etienne, Etienne@correio.org
Ayan, Ayan@hotmail.com
Zachary, Zachary@webmail.com
Vrishin, Vrishin@yahoo.com
Allan-Laiton, Allan-Laiton@gmail.com
Idahosa, Idahosa@webmail.com
Zayne, Zayne@hotmail.com
Attila, Attila@hotmail.com
Ahmed, Ahmed@email.com
Zack, Zack@yahoo.com
Ojima-Ojo, Ojima-Ojo@gmail.com
Yaseen, Yaseen@hotmail.com
Gytis, Gytis@exemplo.com
Caden, Caden@correio.org
Shaarvin, Shaarvin@yahoo.com
Jagat, Jagat@hotmail.com
Mika, Mika@mail.net
Cohan, Cohan@webmail.com
Ammaar, Ammaar@mail.net
Daniele, Daniele@yahoo.com
Darwyn, Darwyn@email.com
Isaiah, Isaiah@webmail.com
Codey, Codey@hotmail.com
Niall, Niall@dominio.com
Conal, Conal@webmail.com
Raja, Raja@yahoo.com
Devlin, Devlin@webmail.com
Zaaine, Zaaine@email.com
Mayeul, Mayeul@outlook.com
Cuillin, Cuillin@dominio.com
Kirwin, Kirwin@hotmail.com
Warren, Warren@hotmail.com
Neil, Neil@mail.net
Rhoan, Rhoan@exemplo.com
Colum, Colum@correio.org
Mackie, Mackie@mail.net
Thomas, Thomas@correio.org
Gil, Gil@email.com
Zaki, Zaki@exemplo.com
Kensey, Kensey@email.com
Raheem, Raheem@correio.org
Seane, Seane@email.com
Albert, Albert@dominio.com
Hubert, Hubert@gmail.com
Lokesh, Lokesh@mail.net
Braydon, Braydon@correio.org
Patrikas, Patrikas@webmail.com
Jaydon, Jaydon@gmail.com
Blue, Blue@mail.net
Anubhav, Anubhav@hotmail.com
Philip, Philip@dominio.com
Levy, Levy@email.com
Garry, Garry@yahoo.com
Orson, Orson@exemplo.com
Jamal, Jamal@yahoo.com
Faheem, Faheem@webmail.com
Alfred, Alfred@webmail.com
Jameel, Jameel@outlook.com
Addisson, Addisson@mail.net
Saim, Saim@hotmail.com
Havila, Havila@gmail.com
Devin, Devin@yahoo.com
Tobi, Tobi@exemplo.com
Daithi, Daithi@mail.net
Arran, Arran@outlook.com
Kevin, Kevin@yahoo.com
Reagan, Reagan@correio.org
Kieran, Kieran@yahoo.com
Israel, Israel@outlook.com
Alf, Alf@outlook.com
Lawlyn, Lawlyn@email.com
Lang, Lang@mail.net
Devan, Devan@outlook.com
Moshy, Moshy@webmail.com
Cayden-Tiamo, Cayden-Tiamo@correio.org
Reiss, Reiss@mail.net
Azaan, Azaan@yahoo.com
Rubin, Rubin@mail.net
Nate, Nate@dominio.com
Sandro, Sandro@mail.net
Soham, Soham@dominio.com
Garren, Garren@webmail.com
Sean-Paul, Sean-Paul@email.com
Adil, Adil@mail.net
Finnley, Finnley@outlook.com
Glen, Glen@correio.org
Justan, Justan@email.com
Carrich, Carrich@outlook.com
Pushkar, Pushkar@outlook.com
Mason-Jay, Mason-Jay@correio.org
Sinai, Sinai@exemplo.com
Neil, Neil@email.com
Francis, Francis@mail.net
Aedyn, Aedyn@gmail.com
Edward, Edward@correio.org
Gurardass, Gurardass@email.com
Ayan, Ayan@yahoo.com
Jack-James, Jack-James@mail.net
Griffyn, Griffyn@hotmail.com
Tyree, Tyree@gmail.com
Shannon, Shannon@correio.org
Munachi, Munachi@webmail.com
Oluwafikunayomi, Oluwafikunayomi@outlook.com
J, J@dominio.com
Nikita, Nikita@dominio.com
Kenton, Kenton@correio.org
Lawlyn, Lawlyn@webmail.com
Haroon, Haroon@gmail.com
Kai, Kai@hotmail.com
Clement, Clement@email.com
Reagan, Reagan@exemplo.com
Ally, Ally@exemplo.com
Pacey, Pacey@correio.org
Oran, Oran@exemplo.com
Orran, Orran@correio.org
Amro, Amro@yahoo.com
Derryn, Derryn@exemplo.com
Turner, Turner@exemplo.com
Michael-Alexander, Michael-Alexander@correio.org
Finnan, Finnan@dominio.com
Rheyden, Rheyden@hotmail.com
Valentin, Valentin@outlook.com
Jason, Jason@mail.net
Enrico, Enrico@gmail.com
Macaulay, Macaulay@correio.org
Shaughn, Shaughn@email.com
Lenin, Lenin@exemplo.com
Bilal, Bilal@yahoo.com
Simon, Simon@yahoo.com
Wayde, Wayde@gmail.com
Jayhan, Jayhan@hotmail.com
Ruaraidh, Ruaraidh@correio.org
Darrach, Darrach@mail.net
Clement, Clement@webmail.com
Muir, Muir@email.com
Jean-Pierre, Jean-Pierre@mail.net
Kyle-Derek, Kyle-Derek@hotmail.com
Aayan, Aayan@correio.org
Bruce, Bruce@outlook.com
Salman, Salman@webmail.com
Keelin, Keelin@yahoo.com
Temba, Temba@webmail.com
Kade, Kade@hotmail.com
Jude, Jude@yahoo.com
Firaaz, Firaaz@mail.net
Cambell, Cambell@gmail.com
Sanaullah, Sanaullah@exemplo.com
Jubin, Jubin@outlook.com
Nicolas, Nicolas@hotmail.com
Nassir, Nassir@dominio.com
Areez, Areez@correio.org
Dalton, Dalton@correio.org
Aidian, Aidian@hotmail.com
Dyllan-James, Dyllan-James@gmail.com
Okeoghene, Okeoghene@yahoo.com
Pierre-Antoine, Pierre-Antoine@email.com
Hashim, Hashim@dominio.com
Chidera, Chidera@email.com
Hong, Hong@mail.net
Yuanyu, Yuanyu@correio.org
Keison, Keison@mail.net
Windsor, Windsor@correio.org
Juan, Juan@dominio.com
Azlan, Azlan@outlook.com
Mohd, Mohd@mail.net
Pele, Pele@gmail.com
Walid, Walid@dominio.com
Mael, Mael@webmail.com
Asif, Asif@dominio.com
Morris, Morris@outlook.com
Xander, Xander@dominio.com
Thomson, Thomson@mail.net
Baron, Baron@email.com
Jarno, Jarno@dominio.com
Roark, Roark@yahoo.com
Dilan, Dilan@mail.net
Adam-James, Adam-James@correio.org
Johansson, Johansson@dominio.com
Niven, Niven@yahoo.com
Azeem, Azeem@hotmail.com
Uri, Uri@dominio.com
Bruno, Bruno@dominio.com
Shaarvin, Shaarvin@webmail.com
Sajid, Sajid@gmail.com
Korey, Korey@mail.net
Darius, Darius@gmail.com
Miguel, Miguel@yahoo.com
Zaki, Zaki@correio.org
Jaksyn, Jaksyn@correio.org
Connell, Connell@mail.net
Mathias, Mathias@mail.net
Dayem, Dayem@outlook.com
Feden, Feden@exemplo.com
Kendall, Kendall@gmail.com
Lewie, Lewie@hotmail.com
Abid, Abid@outlook.com
D'arcy, D'arcy@email.com
Aleksander, Aleksander@webmail.com
Ebow, Ebow@mail.net
Robby, Robby@exemplo.com
Karol, Karol@outlook.com
Robin, Robin@webmail.com
Kylian, Kylian@correio.org
Amaan, Amaan@dominio.com
Ryden, Ryden@gmail.com
Juan, Juan@correio.org
Connor-David, Connor-David@outlook.com
Dylan-Patrick, Dylan-Patrick@mail.net
Thorfinn, Thorfinn@dominio.com
Owain, Owain@hotmail.com
Shreeram, Shreeram@email.com
Ramone, Ramone@exemplo.com
Jarred, Jarred@webmail.com
Colm, Colm@webmail.com
Mackenzie, Mackenzie@dominio.com
Lisandro, Lisandro@dominio.com
Rohin, Rohin@hotmail.com
Finnley, Finnley@hotmail.com
Torsten, Torsten@gmail.com
Lennex, Lennex@yahoo.com
Deryn, Deryn@email.com
Sweyn, Sweyn@dominio.com
Finlay, Finlay@email.com
Daumantas, Daumantas@email.com
Ossian, Ossian@yahoo.com
Armaan, Armaan@exemplo.com
Khevien, Khevien@mail.net
Stanley, Stanley@dominio.com
Alfy, Alfy@webmail.com
Litrell, Litrell@gmail.com
Aiadan, Aiadan@gmail.com
Modoulamin, Modoulamin@outlook.com
Bradley, Bradley@mail.net
Joey-Jack, Joey-Jack@yahoo.com
Reilly, Reilly@mail.net
Jae, Jae@dominio.com
Ahmed, Ahmed@yahoo.com
Maksim, Maksim@email.com
Uzair, Uzair@yahoo.com
Seb, Seb@hotmail.com
Lepeng, Lepeng@webmail.com
Fezaan, Fezaan@hotmail.com
Kuba, Kuba@exemplo.com
Marshall, Marshall@correio.org
Herbert, Herbert@yahoo.com
Wesley, Wesley@dominio.com
Jerrick, Jerrick@yahoo.com
Arun, Arun@yahoo.com
Xiao, Xiao@correio.org
Joss, Joss@webmail.com
Jason, Jason@yahoo.com
Jadyn, Jadyn@webmail.com
Bradlie, Bradlie@yahoo.com
Chiron, Chiron@webmail.com
Nelson, Nelson@email.com
Dharam, Dharam@mail.net
Hunter, Hunter@yahoo.com
Bjorn, Bjorn@outlook.com
Michael, Michael@dominio.com
Caiden, Caiden@email.com
Uri, Uri@yahoo.com
Ker, Ker@correio.org
Harvey, Harvey@outlook.com
Dane, Dane@mail.net
Daimhin, Daimhin@dominio.com
Brody, Brody@mail.net
Dailey, Dailey@correio.org
Caine, Caine@correio.org
Ghyll, Ghyll@dominio.com
Tre, Tre@outlook.com
Deelan, Deelan@mail.net
Zakariya, Zakariya@outlook.com
Natan, Natan@mail.net
Cristian, Cristian@gmail.com
Lawrence, Lawrence@gmail.com
Bryce, Bryce@outlook.com
Taegan, Taegan@dominio.com
Mati, Mati@outlook.com
Rahim, Rahim@gmail.com
Tyson, Tyson@exemplo.com
Findlay, Findlay@mail.net
Benji, Benji@dominio.com
Hussain, Hussain@yahoo.com
Kayden, Kayden@outlook.com
Veeran, Veeran@correio.org
Gustav, Gustav@gmail.com
Pasquale, Pasquale@correio.org
Ceirin, Ceirin@outlook.com
Areeb, Areeb@exemplo.com
Berkay, Berkay@outlook.com
Johannes, Johannes@correio.org
Taylan, Taylan@correio.org
Norman, Norman@exemplo.com
Aronas, Aronas@email.com
Geoff, Geoff@mail.net
Jordon, Jordon@outlook.com
Arsalan, Arsalan@exemplo.com
Nadeem, Nadeem@gmail.com
Kenzi, Kenzi@email.com
Melville, Melville@outlook.com
Geordie, Geordie@email.com
Rico, Rico@dominio.com
Myles, Myles@mail.net
Ebow, Ebow@email.com
Guang, Guang@gmail.com
Kier, Kier@mail.net
Sylvain, Sylvain@gmail.com
Kelam, Kelam@hotmail.com
Creag, Creag@exemplo.com
Fearghus, Fearghus@dominio.com
Adrian, Adrian@exemplo.com
Zeid, Zeid@correio.org
Deklain-Jaimes, Deklain-Jaimes@yahoo.com
Kenyon, Kenyon@yahoo.com
Griffin, Griffin@email.com
Bruce, Bruce@gmail.com
Ola-Oluwa, Ola-Oluwa@webmail.com
Ceiran, Ceiran@mail.net
Breogan, Breogan@exemplo.com
Bartosz, Bartosz@webmail.com
Peiyan, Peiyan@webmail.com
Keenan-Lee, Keenan-Lee@hotmail.com
Teos, Teos@dominio.com
Aedin, Aedin@email.com
Aristomenis, Aristomenis@email.com
Cathal, Cathal@outlook.com
Keivlin, Keivlin@exemplo.com
Bowen, Bowen@dominio.com
Zein, Zein@hotmail.com
Sohail, Sohail@dominio.com
Justin, Justin@email.com
Laison, Laison@email.com
Aliekber, Aliekber@correio.org
Denis, Denis@gmail.com
Oryn, Oryn@outlook.com
Arihant, Arihant@hotmail.com
John-Paul, John-Paul@email.com
Frederick, Frederick@mail.net
Christie, Christie@email.com
Zijie, Zijie@webmail.com
Denon, Denon@dominio.com
Etinosa, Etinosa@yahoo.com
Bradyn, Bradyn@webmail.com
Santino, Santino@correio.org
Alhaji, Alhaji@exemplo.com
Afonso, Afonso@yahoo.com
Loghan, Loghan@email.com
Montague, Montague@dominio.com
Cailin, Cailin@webmail.com
Finnlay, Finnlay@dominio.com
Reean, Reean@hotmail.com
Samarjit, Samarjit@outlook.com
Donald, Donald@mail.net
Haydn, Haydn@hotmail.com
Matthew-William, Matthew-William@dominio.com
Keelin, Keelin@webmail.com
Adegbolahan, Adegbolahan@webmail.com
Shawnpaul, Shawnpaul@gmail.com
Umer, Umer@correio.org
Doire, Doire@email.com
Kierin, Kierin@email.com
Blaike, Blaike@outlook.com
Fox, Fox@dominio.com
Michal, Michal@webmail.com
Annan, Annan@outlook.com
Lochlan, Lochlan@dominio.com
Jeemie, Jeemie@exemplo.com
Koby, Koby@hotmail.com
Hamzah, Hamzah@correio.org
Tieran, Tieran@outlook.com
Daniil, Daniil@mail.net
Ashton, Ashton@webmail.com
Zeeshan, Zeeshan@dominio.com
Marcous, Marcous@yahoo.com
Adil, Adil@dominio.com
Bobby-Lee, Bobby-Lee@dominio.com
Cooper, Cooper@webmail.com
Dylan-Jack, Dylan-Jack@dominio.com
Warrick, Warrick@dominio.com
Shiloh, Shiloh@yahoo.com
Kurtis-Jae, Kurtis-Jae@correio.org
Reese, Reese@hotmail.com
Beinn, Beinn@yahoo.com
Ijay, Ijay@correio.org
Maison, Maison@webmail.com
Edwyn, Edwyn@hotmail.com
Zackary, Zackary@outlook.com
Shai, Shai@outlook.com
Lliam, Lliam@hotmail.com
Marcos, Marcos@webmail.com
Muhammad, Muhammad@correio.org
Irvine, Irvine@correio.org
Nihal, Nihal@mail.net
Eljay, Eljay@exemplo.com
Rihonn, Rihonn@outlook.com
Davie, Davie@outlook.com
Yasir, Yasir@outlook.com
Kasper, Kasper@yahoo.com
Caine, Caine@email.com
Conley, Conley@correio.org
Deagan, Deagan@email.com
Macaulay, Macaulay@outlook.com
Malakhy, Malakhy@yahoo.com
Tisloh, Tisloh@mail.net
Kellen, Kellen@email.com
JJ, JJ@correio.org
Jan, Jan@gmail.com
Asim, Asim@hotmail.com
Banan, Banan@hotmail.com
Seane, Seane@correio.org
Keenan-Lee, Keenan-Lee@yahoo.com
Klevis, Klevis@hotmail.com
Christian, Christian@outlook.com
Seaan, Seaan@hotmail.com
Sheafan, Sheafan@gmail.com
Shaun, Shaun@outlook.com
Ole, Ole@gmail.com
Giancarlo, Giancarlo@exemplo.com
Johnny, Johnny@hotmail.com
Dustin, Dustin@gmail.com
Geomer, Geomer@dominio.com
Muzammil, Muzammil@email.com
Kabeer, Kabeer@webmail.com
Tayo, Tayo@hotmail.com
Fletcher, Fletcher@yahoo.com
Bob, Bob@gmail.com
Yann, Yann@webmail.com
Caileb-John, Caileb-John@hotmail.com
Harvey, Harvey@dominio.com
Umair, Umair@hotmail.com
Ceilan, Ceilan@email.com
Darien, Darien@gmail.com
Caileb-John, Caileb-John@dominio.com
Ryese, Ryese@exemplo.com
Mahan, Mahan@email.com
Kalani, Kalani@exemplo.com
Ehsen, Ehsen@email.com
Saul, Saul@hotmail.com
Lisandro, Lisandro@correio.org
D'arcy, D'arcy@gmail.com
Paolo, Paolo@gmail.com
Burak, Burak@webmail.com
Albie, Albie@mail.net
Sheafan, Sheafan@webmail.com
Karl, Karl@email.com
Flint, Flint@mail.net
Rivan, Rivan@outlook.com
Mason-Jay, Mason-Jay@hotmail.com
Evan, Evan@hotmail.com
Abdisalam, Abdisalam@mail.net
Zhuo, Zhuo@exemplo.com
Gary, Gary@hotmail.com
Ikemsinachukwu, Ikemsinachukwu@dominio.com
Kaison, Kaison@hotmail.com
Zachary-Marc, Zachary-Marc@correio.org
Mungo, Mungo@webmail.com
Ciaran, Ciaran@outlook.com
Karson, Karson@exemplo.com
Brady, Brady@correio.org
Jaden, Jaden@gmail.com
Bradan, Bradan@yahoo.com
Colvin, Colvin@dominio.com
Darryn, Darryn@dominio.com
Kaiden, Kaiden@outlook.com
Keeman, Keeman@mail.net
Robbie, Robbie@mail.net
Jardine, Jardine@exemplo.com
Herbert, Herbert@webmail.com
Alexzander, Alexzander@exemplo.com
Raymond, Raymond@mail.net
Ollie, Ollie@exemplo.com
Dawson, Dawson@hotmail.com
Pierce, Pierce@outlook.com
Eadie, Eadie@gmail.com
Xin, Xin@yahoo.com
Zhen, Zhen@correio.org
Gio, Gio@exemplo.com
Idrees, Idrees@outlook.com
Aria, Aria@webmail.com
Nairn, Nairn@webmail.com
Alexzander, Alexzander@outlook.com
Lorenzo, Lorenzo@hotmail.com
Prinay, Prinay@yahoo.com
Turki, Turki@email.com
Chu, Chu@email.com
Narvic, Narvic@dominio.com
Sandro, Sandro@dominio.com
Kevyn, Kevyn@email.com
Blyth, Blyth@email.com
Inan, Inan@email.com
Gordon, Gordon@email.com
Cathal, Cathal@email.com
Deshawn, Deshawn@email.com
Zakk, Zakk@hotmail.com
Abhinav, Abhinav@outlook.com
Zarran, Zarran@dominio.com
Keir, Keir@dominio.com
Daniel, Daniel@gmail.com
Callin, Callin@correio.org
Raul, Raul@webmail.com
Alex, Alex@yahoo.com
Lockey, Lockey@gmail.com
Daud, Daud@outlook.com
Ethan, Ethan@webmail.com
Denny, Denny@exemplo.com
Colby, Colby@correio.org
Lachlann, Lachlann@dominio.com
Abubakar, Abubakar@yahoo.com
Max, Max@exemplo.com
Avinash, Avinash@hotmail.com
Addisson, Addisson@dominio.com
Callyn, Callyn@correio.org
Diarmid, Diarmid@correio.org
Sohan, Sohan@email.com
Ritchie, Ritchie@email.com
Orley, Orley@webmail.com
Xander, Xander@hotmail.com
Brogan, Brogan@mail.net
Jay, Jay@exemplo.com
Emerson, Emerson@webmail.com
Chimsom, Chimsom@exemplo.com
Daithi, Daithi@yahoo.com
Kyden, Kyden@gmail.com
Cailin, Cailin@email.com
Josef, Josef@yahoo.com
Kruz, Kruz@webmail.com
Brett, Brett@correio.org
Rafi, Rafi@email.com
Baron, Baron@hotmail.com
Dinaras, Dinaras@correio.org
Neo, Neo@email.com
Kaiwen, Kaiwen@hotmail.com
Jaydn, Jaydn@gmail.com
Aleksandr, Aleksandr@gmail.com
Loche, Loche@gmail.com
Axel, Axel@yahoo.com
Danish, Danish@dominio.com
Azeem, Azeem@gmail.com
Armen, Armen@gmail.com
Nevin, Nevin@exemplo.com
Tyrnan, Tyrnan@outlook.com
Koby, Koby@outlook.com
Symon, Symon@exemplo.com
Nathan-Rae, Nathan-Rae@yahoo.com
Cobie, Cobie@webmail.com
Garrett, Garrett@dominio.com
Lyndsay, Lyndsay@hotmail.com
Jamie, Jamie@gmail.com
Pawlo, Pawlo@gmail.com
Derry, Derry@correio.org
Lawrie, Lawrie@webmail.com
Aydon, Aydon@email.com
Curtis, Curtis@mail.net
Chaitanya, Chaitanya@hotmail.com
Ziya, Ziya@exemplo.com
Basher, Basher@yahoo.com
Abdulkadir, Abdulkadir@correio.org
Puneetpaul, Puneetpaul@mail.net
Mitch, Mitch@mail.net
Nasser, Nasser@email.com
Jackie, Jackie@yahoo.com
Dan, Dan@mail.net
Ralph, Ralph@yahoo.com
Teo, Teo@hotmail.com
Dimitri, Dimitri@email.com
Jiao, Jiao@webmail.com
Adrian, Adrian@webmail.com
Umut, Umut@webmail.com
Phinehas, Phinehas@dominio.com
Patryk, Patryk@mail.net
Kie, Kie@dominio.com
Colt, Colt@correio.org
Edwyn, Edwyn@mail.net
Zac, Zac@mail.net
Harikrishna, Harikrishna@correio.org
Armaan, Armaan@correio.org
Nikos, Nikos@mail.net
Declain, Declain@webmail.com
Yousif, Yousif@correio.org
Josan, Josan@exemplo.com
Dominic, Dominic@mail.net
Dillan, Dillan@outlook.com
Morris, Morris@gmail.com
Troy, Troy@outlook.com
William, William@exemplo.com
Adrian, Adrian@dominio.com
Marvin, Marvin@dominio.com
Dawid, Dawid@gmail.com
Calum, Calum@email.com
Seamas, Seamas@yahoo.com
Korbyn, Korbyn@webmail.com
Bradley, Bradley@dominio.com
Harikrishna, Harikrishna@yahoo.com
Artem, Artem@dominio.com
Faisal, Faisal@hotmail.com
Kyan, Kyan@webmail.com
Rayden, Rayden@outlook.com
Rheyden, Rheyden@yahoo.com
Robertjohn, Robertjohn@exemplo.com
Rhoan, Rhoan@outlook.com
Cadan, Cadan@correio.org
Shae, Shae@mail.net
Kit, Kit@gmail.com
Ayrton, Ayrton@outlook.com
Aran, Aran@yahoo.com
Corrie, Corrie@outlook.com
Andrei, Andrei@correio.org
Ty-Alexander, Ty-Alexander@webmail.com
Laison, Laison@outlook.com
Connall, Connall@gmail.com
Joe, Joe@outlook.com
Rob, Rob@correio.org
Devan, Devan@gmail.com
Keelin, Keelin@exemplo.com
McCaulley, McCaulley@exemplo.com
Raymond, Raymond@yahoo.com
Eonan, Eonan@yahoo.com
Majid, Majid@webmail.com
Jahid, Jahid@yahoo.com
Declain, Declain@gmail.com
Oscar, Oscar@email.com
Eden, Eden@hotmail.com
Flynn, Flynn@yahoo.com
Rayan, Rayan@hotmail.com
Aun, Aun@yahoo.com
Kyel, Kyel@webmail.com
Nathanael, Nathanael@gmail.com
Matthew, Matthew@email.com
Wabuya, Wabuya@yahoo.com
Ethan, Ethan@outlook.com
Kayleb, Kayleb@email.com
Joeddy, Joeddy@yahoo.com
Morgyn, Morgyn@yahoo.com
Jackson, Jackson@correio.org
Steven-lee, Steven-lee@dominio.com
Ole, Ole@outlook.com
Khevien, Khevien@yahoo.com
Thorben, Thorben@webmail.com
Karol, Karol@webmail.com
Kalum, Kalum@exemplo.com
Basile, Basile@gmail.com
Robbi, Robbi@exemplo.com
Sohail, Sohail@yahoo.com
Zeek, Zeek@yahoo.com
Jai-Rajaram, Jai-Rajaram@exemplo.com
Vasyl, Vasyl@webmail.com
Rice, Rice@dominio.com
Denis, Denis@hotmail.com
Kinneil, Kinneil@dominio.com
Antonio, Antonio@mail.net
Lenyn, Lenyn@webmail.com
Alisdair, Alisdair@email.com
Sofian, Sofian@yahoo.com
Pedram, Pedram@email.com
Munir, Munir@webmail.com
Ivar, Ivar@yahoo.com
Kaid, Kaid@outlook.com
Aleksandar, Aleksandar@yahoo.com
Salter, Salter@dominio.com
Trafford, Trafford@hotmail.com
Rohit, Rohit@email.com
Tiernan, Tiernan@webmail.com
Cuillin, Cuillin@yahoo.com
Hong, Hong@yahoo.com
Tommy, Tommy@exemplo.com
Torsten, Torsten@dominio.com
Malachy, Malachy@gmail.com
Titi, Titi@webmail.com
Ian, Ian@mail.net
Alf, Alf@yahoo.com
Nyah, Nyah@webmail.com
Dagon, Dagon@yahoo.com
George, George@hotmail.com
Coll, Coll@outlook.com
David-Jay, David-Jay@mail.net
Ngonidzashe, Ngonidzashe@exemplo.com
Kobi, Kobi@webmail.com
Alec, Alec@email.com
Stefano, Stefano@yahoo.com
Bryson, Bryson@exemplo.com
Mark, Mark@email.com
Guerin, Guerin@yahoo.com
Saifaddine, Saifaddine@gmail.com
Kadyn, Kadyn@exemplo.com
Adam, Adam@yahoo.com
Alfie, Alfie@mail.net
Rahim, Rahim@correio.org
Filip, Filip@gmail.com
Athon, Athon@exemplo.com
Kai, Kai@mail.net
Fikret, Fikret@exemplo.com
Haseeb, Haseeb@mail.net
Tanay, Tanay@webmail.com
Hussnan, Hussnan@email.com
Raithin, Raithin@email.com
Ashtyn, Ashtyn@exemplo.com
Ivan, Ivan@yahoo.com
Kyle, Kyle@hotmail.com
Kadyn, Kadyn@yahoo.com
Ajay, Ajay@yahoo.com
Cody-Lee, Cody-Lee@email.com
Malakai, Malakai@webmail.com
Nikita, Nikita@outlook.com
Christopher-Lee, Christopher-Lee@outlook.com
Damian, Damian@correio.org
Abdulkhader, Abdulkhader@exemplo.com
Shaunpaul, Shaunpaul@hotmail.com
Eassan, Eassan@yahoo.com
Lochlan-Oliver, Lochlan-Oliver@dominio.com
Yanick, Yanick@mail.net
Bully, Bully@email.com
Francesco, Francesco@exemplo.com
Zach, Zach@dominio.com
Kal-el, Kal-el@hotmail.com
Kaileb, Kaileb@exemplo.com
Ameer, Ameer@email.com
Callyn, Callyn@outlook.com
Eddie, Eddie@email.com
Magnus, Magnus@correio.org
Chu, Chu@correio.org
Lasse, Lasse@webmail.com
Eagann, Eagann@correio.org
Abdihakim, Abdihakim@outlook.com
Jesuseun, Jesuseun@outlook.com
Shay, Shay@correio.org
Rikki, Rikki@outlook.com
Manuel, Manuel@hotmail.com
Rasmus, Rasmus@hotmail.com
Zendel, Zendel@email.com
Chu, Chu@exemplo.com
Phoevos, Phoevos@dominio.com
Karim, Karim@hotmail.com
Fred, Fred@outlook.com
Sher, Sher@hotmail.com
Reese, Reese@exemplo.com
Rayyan, Rayyan@gmail.com
Wilkie, Wilkie@yahoo.com
Danyal, Danyal@dominio.com
Kristoffer, Kristoffer@exemplo.com
Malachai, Malachai@exemplo.com
Ryder, Ryder@email.com
Fynlay, Fynlay@hotmail.com
Zakaria, Zakaria@yahoo.com
Austen, Austen@exemplo.com
Alieu, Alieu@email.com
Michat, Michat@dominio.com
Fabian, Fabian@dominio.com
Anthony, Anthony@mail.net
Kamran, Kamran@dominio.com
Jakey, Jakey@outlook.com
Eamon, Eamon@gmail.com
Urban, Urban@outlook.com
Dre, Dre@outlook.com
Garrett, Garrett@mail.net
Obosa, Obosa@email.com
Idahosa, Idahosa@mail.net
Murry, Murry@correio.org
Jacob, Jacob@correio.org
Johann, Johann@correio.org
Johansson, Johansson@correio.org
Jaz, Jaz@mail.net
Prinay, Prinay@dominio.com
Findlay, Findlay@correio.org
Lysander, Lysander@mail.net
Deniss, Deniss@mail.net
Anndra, Anndra@email.com
Ilyas, Ilyas@gmail.com
Loki, Loki@hotmail.com
Finnean, Finnean@email.com
Doire, Doire@yahoo.com
